iteration,p0_x,p0_y,p1_x,p1_y,p2_x,p2_y,p3_x,p3_y,p4_x,p4_y,p5_x,p5_y,p6_x,p6_y,p7_x,p7_y,p8_x,p8_y,p9_x,p9_y,p10_x,p10_y,p11_x,p11_y,p12_x,p12_y,p13_x,p13_y,p14_x,p14_y,p15_x,p15_y,p16_x,p16_y,p17_x,p17_y,p18_x,p18_y,p19_x,p19_y,p20_x,p20_y,p21_x,p21_y,p22_x,p22_y,p23_x,p23_y,p24_x,p24_y,p25_x,p25_y,p26_x,p26_y,p27_x,p27_y,p28_x,p28_y,p29_x,p29_y,p30_x,p30_y,p31_x,p31_y,p32_x,p32_y,p33_x,p33_y,p34_x,p34_y,p35_x,p35_y,p36_x,p36_y,p37_x,p37_y,p38_x,p38_y,p39_x,p39_y,p40_x,p40_y,p41_x,p41_y,p42_x,p42_y,p43_x,p43_y,p44_x,p44_y,p45_x,p45_y,p46_x,p46_y,p47_x,p47_y,p48_x,p48_y,p49_x,p49_y,global_best_x,global_best_y,global_best_value
0,16.8504,9.9602,19.0031,17.4172,20.1029,13.8284,8.9792,27.2607,12.4183,19.1644,23.4168,11.4028,18.2759,9.1196,12.0801,7.8001,16.0047,12.4311,16.2127,25.1599,23.9875,4.9068,20.1602,18.2712,17.9949,22.1579,26.5850,10.4545,6.5487,11.6459,7.0179,8.1749,10.7754,10.7876,14.3904,19.0920,23.8499,2.2392,9.5674,16.8555,17.2431,20.5619,3.9729,9.7431,10.5511,17.3603,4.1280,7.7862,10.3599,11.6028,16.0850,21.9236,16.5981,3.6576,20.9304,24.3382,16.3146,15.5899,4.5744,10.4219,7.9950,17.0567,11.4402,2.7528,10.9852,6.1917,3.9508,25.6198,27.0692,15.9862,22.1335,14.3956,14.2962,15.6848,9.4288,27.0065,22.6784,18.1010,7.8448,14.6636,17.1136,16.7805,18.1134,26.6871,20.0550,26.8707,17.4250,13.5888,21.0511,5.9476,3.6735,16.6158,14.5568,11.8847,23.5828,11.9304,8.2578,23.0375,18.6708,8.8927,16.314570,15.589912,816.326796
2,16.2938,13.9602,16.3202,15.5762,16.1029,16.6192,12.4718,23.4770,16.4183,15.1644,19.4168,15.4028,15.6805,13.1196,14.7810,11.0298,16.7118,16.2559,16.7973,21.1599,20.7756,8.2310,16.1602,14.7148,15.1032,18.4532,22.5850,14.4545,10.4238,14.9993,11.0179,12.1749,14.3338,14.2298,16.7680,15.5188,19.9649,6.2392,13.5674,15.5894,15.7522,16.5619,7.9729,13.7431,14.5511,15.5131,8.1280,11.7862,14.1980,15.3339,16.6693,17.9236,16.2050,7.6576,17.4104,20.3933,15.8440,16.5458,7.6916,13.4735,11.9950,15.5824,14.8008,6.7528,14.3665,10.1917,7.9508,21.6198,23.0692,15.7552,18.1335,17.0027,16.8796,15.9540,13.2120,23.0065,18.9507,15.9486,10.8778,16.2813,15.8147,16.8244,15.0723,22.6871,17.2274,22.8707,15.4620,16.3517,17.0511,9.9476,7.6735,16.0617,15.6294,15.5838,19.5828,15.4393,12.2578,19.0375,14.8727,12.8927,15.629382,15.583850,828.365620
4,15.5989,15.9808,15.1844,15.1707,14.6216,16.3854,15.9234,19.4770,15.7427,15.4647,16.4092,16.2047,15.3140,16.5042,17.1127,14.2689,15.3740,14.8034,15.7843,17.1599,17.7085,11.3452,14.7009,14.8328,14.7850,16.2673,18.5850,16.8214,14.4158,16.3166,15.0179,16.0179,16.5093,16.3995,16.4778,15.2536,15.9649,10.2392,16.5911,15.0964,15.4040,14.5815,11.9729,16.4223,16.3847,15.4735,11.3041,14.8753,16.0663,15.8537,15.5200,14.8012,15.2069,11.6576,14.5402,16.3933,15.1785,15.1870,11.6916,15.5621,15.9950,15.4638,16.2480,10.7528,15.7704,13.4235,11.9508,17.6198,19.9566,15.5672,14.9464,16.1561,15.5246,15.5758,16.3379,19.0065,15.6057,14.8878,14.1711,15.9105,15.5709,16.2403,14.6664,19.0387,15.1683,18.8707,15.2613,16.4853,14.7675,13.9476,11.6735,15.4589,15.8938,16.5519,15.5828,16.3104,14.9714,16.2890,15.2322,16.3814,15.629382,15.583850,828.365620
6,15.6271,15.5901,15.4187,15.2647,15.4786,16.1322,16.6101,15.5768,15.3601,15.8048,14.3965,15.1920,15.4704,14.8046,16.4416,15.8055,16.0877,15.6195,15.3869,14.8843,14.6626,15.3452,16.3835,15.6699,15.5419,14.9716,15.3960,16.2087,16.8941,15.4890,15.8438,16.0229,15.3002,15.2558,16.2984,15.7362,14.8802,14.2392,16.0602,15.2396,15.7843,16.5265,15.5056,15.8267,15.8749,15.4543,15.3041,16.4548,15.7526,15.6587,15.9001,15.9786,15.5754,15.6576,14.5167,14.7880,15.7499,15.8575,15.6916,15.9390,16.0868,15.6051,15.5476,14.7528,16.0548,16.4560,15.6067,14.6075,15.9566,15.5533,14.6277,15.5548,15.0808,15.4292,16.1948,15.3652,16.1008,15.9358,16.4199,15.4584,15.8385,16.0191,15.8549,15.7642,15.3834,14.8707,15.7076,15.6212,15.3194,16.3234,15.6735,15.4984,15.5591,15.3267,15.1199,16.1077,15.9393,15.2714,15.9430,16.9978,15.629382,15.583850,828.365620
8,15.6768,15.5709,15.6667,15.4368,15.9586,15.7449,16.2471,15.2492,16.0854,15.1903,16.1656,15.7094,15.2317,15.1134,15.4143,15.9680,15.9393,14.9928,15.4870,15.9134,15.6225,15.6519,15.4498,15.3818,15.4632,15.7801,15.5020,15.7635,16.0190,15.9200,15.3803,15.3882,15.9250,15.8299,16.4056,15.3363,15.7606,16.4511,15.3792,15.5004,15.7450,16.3451,16.5346,15.2375,15.7369,15.5581,15.7549,16.2119,15.6313,15.6160,15.7552,15.6570,15.6927,16.3249,16.1751,15.9948,15.5566,15.7731,16.4867,15.7082,15.4525,15.4803,15.4510,16.1393,15.5658,15.5430,15.9210,14.8262,14.9343,15.5786,15.9069,15.6090,15.5641,15.5697,15.7896,15.1669,16.3592,15.1053,15.2322,15.6750,15.6028,15.5224,15.7055,15.4601,15.5667,15.6031,15.6884,15.4319,15.9681,16.1718,15.7148,15.5892,15.6339,15.6003,15.9390,15.9941,15.5754,15.6636,15.4919,14.9902,15.629382,15.583850,828.365620
10,15.5436,16.0869,15.5894,15.5776,15.5995,15.7437,16.0962,15.6098,15.4477,15.7292,15.2090,15.3898,15.4936,15.3382,15.2679,15.7126,15.4865,15.7965,15.6231,15.6373,15.7145,15.5042,15.7835,15.4609,15.5378,15.4628,15.6638,15.5889,15.5163,15.5061,15.6442,15.6754,15.6437,15.5709,16.5359,15.5470,15.2761,15.6937,15.7166,15.3053,15.6859,16.1049,15.0921,15.9250,15.7253,15.5485,15.2797,15.4711,15.7498,15.6305,15.8030,15.5811,15.5192,15.0896,15.2240,15.3092,15.1233,15.6300,15.4186,15.7752,15.9197,15.5159,15.3655,15.6226,15.4199,15.1197,15.2253,15.8094,16.1914,15.5672,15.4736,15.5756,15.6433,15.6064,15.8372,15.5552,15.4527,15.7052,15.8253,15.5967,15.6972,15.7224,15.5887,15.8008,15.6099,15.5078,15.6202,15.6708,15.6741,15.8025,15.4487,15.5180,15.6501,15.6598,15.7072,15.6571,15.6255,15.5953,15.6843,15.8345,15.629382,15.583850,828.365620
12,15.6458,15.6605,15.6027,15.3725,15.7732,15.8068,16.0815,15.5493,15.6782,15.5413,15.6109,15.5316,15.4837,15.4634,15.6613,15.6141,15.8327,15.3341,15.4179,15.6620,15.4619,15.8529,15.8185,15.4308,15.3298,15.4136,15.4473,15.6527,15.6940,15.6474,15.4795,15.5422,15.8032,15.6963,15.7751,15.5641,15.4830,15.4365,15.5454,15.1177,15.7342,16.4118,15.7126,15.6592,15.6796,15.5408,15.5950,15.5842,15.6447,15.6164,15.6881,15.8078,15.6233,15.8744,15.8805,15.7816,15.5649,15.6406,15.8760,15.6721,15.8811,15.5370,15.5125,15.6553,15.7089,15.7991,15.5621,15.4741,16.1199,15.5465,15.4994,15.5832,15.5244,15.5654,15.6991,15.1718,15.4373,15.7108,15.5962,15.5991,15.6353,15.5953,15.7879,15.5895,15.6013,15.3771,15.6462,15.5848,15.6977,15.6970,15.7856,15.5439,15.6089,15.5089,15.8398,15.9219,15.6112,15.6196,15.6645,15.7614,15.629382,15.583850,828.365620
14,15.6223,15.6185,15.5909,15.4967,15.7321,15.6840,15.7196,15.6957,15.7457,15.4706,15.6969,15.5812,15.3218,15.3544,15.4218,15.9282,15.7153,15.4232,15.4059,15.7436,15.6698,15.5489,15.6670,15.5177,15.6116,15.6123,15.5416,15.7433,15.8600,15.8098,15.5132,15.6115,15.6468,15.5925,15.5536,15.5659,15.3257,15.9624,15.5905,15.3296,15.6448,15.7135,15.6156,15.6577,15.7182,15.5374,15.4011,15.7963,15.6771,15.6032,15.7285,15.6409,15.5962,15.5691,15.6439,15.6062,15.1501,15.6848,15.5173,15.9003,15.9044,15.4632,15.3589,15.8158,15.5494,15.4803,15.4318,15.5410,15.5837,15.5720,15.5591,15.5903,15.5987,15.5816,15.7396,15.4123,15.9000,15.4105,15.7170,15.6456,15.6848,15.6955,15.7154,15.6333,15.5629,15.9297,15.6772,15.5894,15.6775,15.7253,15.5490,15.5693,15.6348,15.6039,15.7362,15.7188,15.6020,15.6316,15.6315,15.6140,15.629382,15.583850,828.365620
16,15.6011,15.8613,15.5794,15.2970,15.7759,15.8612,15.8283,15.5927,15.6747,15.5295,15.5056,15.5292,15.4385,15.3277,15.5970,15.6037,15.8045,15.3194,15.5567,15.5967,15.6524,15.5617,15.7818,15.4445,15.2401,15.3689,15.5754,15.6377,15.7215,15.6948,15.5760,15.5901,15.7279,15.6435,15.6941,15.5883,15.3885,15.7516,15.6348,15.3880,15.6297,15.6027,15.5526,15.6152,15.7079,15.5446,15.5781,15.5797,15.6866,15.6161,16.0046,15.9050,15.5962,15.6491,15.5434,15.5405,15.1520,15.7050,15.7533,15.7983,15.7794,15.5463,15.6177,15.5339,15.6145,15.5654,15.5355,15.4958,15.7884,15.5737,15.5039,15.5878,15.5758,15.5839,15.7533,15.2517,15.5769,15.6187,15.6428,15.5852,15.6979,15.7217,15.8176,15.7608,15.6148,15.4331,15.6800,15.6191,15.7449,15.8529,15.6443,15.5219,15.6288,15.5817,15.7123,15.6787,15.6203,15.6064,15.6471,15.6765,15.629382,15.583850,828.365620
18,15.6077,15.8750,15.5841,15.4338,15.7182,15.7179,15.7348,15.6318,15.6743,15.5393,15.5894,15.5072,15.3560,15.2866,15.5467,15.7533,15.7850,15.3512,15.5112,15.6609,15.5614,15.7280,15.7743,15.4459,15.3155,15.4133,15.5881,15.6109,15.6893,15.6581,15.4693,15.5892,15.8288,15.7038,15.7172,15.5714,15.5725,15.6243,15.5730,15.4016,15.6506,15.7423,15.5599,15.7730,15.7817,15.5021,15.4212,15.7485,15.7513,15.6607,15.7044,15.6883,15.6011,15.6697,15.6902,15.6230,15.3181,15.6569,15.6503,15.7259,15.7851,15.5378,15.3327,15.7952,15.6257,15.6223,15.4732,15.4676,15.6435,15.5857,15.5478,15.5888,15.5291,15.5754,15.7214,15.3243,15.8856,15.4222,15.6147,15.5758,15.6375,15.5998,15.7508,15.6673,15.5968,15.6876,15.6301,15.5799,15.6560,15.6458,15.6865,15.5426,15.6292,15.5833,15.9243,15.9924,15.6112,15.6207,15.6390,15.6393,15.629382,15.583850,828.365620
20,15.6051,15.9201,15.5921,15.4022,15.7770,15.8462,15.6864,15.6008,15.6481,15.5659,15.4871,15.4839,15.2934,15.2292,15.5073,15.7987,15.8156,15.2875,15.5048,15.6437,15.6006,15.6738,15.6754,15.5300,15.5126,15.5275,15.5334,15.7421,15.6648,15.6184,15.6356,15.5985,15.6225,15.5787,15.6888,15.5702,15.4289,15.7641,15.5872,15.2249,15.6240,15.5543,15.5343,15.7594,15.8687,15.4564,15.4069,15.7382,15.6519,15.5951,15.8725,15.8042,15.6146,15.5832,15.5906,15.5750,15.4067,15.6406,15.6077,15.7256,15.7732,15.5312,15.3173,15.7967,15.5919,15.5337,15.5226,15.5495,15.8232,15.5641,15.5055,15.5898,15.5635,15.5782,15.7109,15.4050,15.5862,15.6115,15.7137,15.6376,15.6871,15.6997,15.7377,15.6756,15.5898,15.6231,15.7183,15.6272,15.7533,15.8819,15.6365,15.5299,15.6306,15.5883,15.8427,15.8680,15.6185,15.6071,15.6434,15.6656,15.629382,15.583850,828.365620
22,15.6303,15.5572,15.5902,15.4454,15.7602,15.8037,15.6023,15.5639,15.6903,15.5195,15.5758,15.5415,15.5348,15.4807,15.4928,15.8260,15.7149,15.4532,15.4591,15.6777,15.6392,15.6104,15.7824,15.4341,15.1515,15.3276,15.5748,15.6494,15.7535,15.7220,15.6146,15.5827,15.8065,15.6906,15.7723,15.5684,15.3989,15.7577,15.6082,15.4958,15.6457,15.7129,15.5523,15.7371,15.6370,15.5803,15.6116,15.5942,15.7156,15.6380,15.7092,15.6607,15.5913,15.6422,15.6226,15.5983,15.5491,15.6042,15.6842,15.8109,15.8400,15.5182,15.4475,15.6905,15.6201,15.5763,15.4441,15.4587,15.8589,15.5634,15.5649,15.5867,15.5706,15.5802,15.6935,15.3994,15.8284,15.4588,15.6345,15.5863,15.6731,15.6714,15.7674,15.6943,15.6111,15.5599,15.6443,15.5915,15.6678,15.6755,15.6428,15.5221,15.6286,15.5812,15.8713,15.9019,15.6137,15.6166,15.6415,15.6531,15.629382,15.583850,828.365620
24,15.5992,15.9983,15.6220,15.5490,15.8420,15.9490,15.7985,15.6396,15.6886,15.5219,15.5174,15.4713,15.6711,15.6308,15.5348,15.7563,15.8649,15.2177,15.5141,15.6478,15.6198,15.6507,15.7547,15.4577,15.4862,15.5078,15.5139,15.7410,15.6542,15.6111,15.4951,15.6058,15.5953,15.5629,15.6702,15.5775,15.5735,15.6309,15.5905,15.2389,15.6293,15.5840,15.6018,15.6459,15.7381,15.5264,15.3258,15.8010,15.7599,15.6634,15.6476,15.6062,15.5809,15.6555,15.6194,15.5920,15.2983,15.6635,15.6902,15.9012,15.6952,15.5620,15.3711,15.7551,15.5880,15.5661,15.4226,15.4687,15.6689,15.5799,15.5475,15.5880,15.5910,15.5812,15.7234,15.3302,15.7869,15.4853,15.6323,15.5859,15.6445,15.6141,15.7234,15.6587,15.6116,15.6022,15.6112,15.5743,15.7575,15.8909,15.6527,15.5594,15.6289,15.5821,15.9561,16.0172,15.6065,15.6320,15.6398,15.6464,15.629382,15.583850,828.365620
26,15.6216,15.6746,15.5827,15.3901,15.7634,15.8142,15.8888,15.6608,15.7274,15.4806,15.5330,15.5057,15.4073,15.3436,15.4267,15.9442,15.7440,15.4046,15.6387,15.5782,15.6269,15.6138,15.6955,15.5163,15.3846,15.4545,15.5987,15.6295,15.7494,15.7167,15.5176,15.6045,15.8857,15.7372,15.7464,15.5685,15.3329,15.8198,15.5985,15.4223,15.6484,15.7455,15.5598,15.7164,15.6710,15.5618,15.5363,15.6476,15.6726,15.6099,15.8435,15.7797,15.5977,15.6238,15.6216,15.5835,15.3142,15.6616,15.6439,15.7122,15.9342,15.4826,15.4316,15.7085,15.5887,15.5531,15.4818,15.4933,15.6490,15.5818,15.6131,15.5845,15.5390,15.5767,15.6858,15.4413,15.8859,15.4234,15.6883,15.6202,15.6614,15.6481,15.8381,15.7517,15.6249,15.5869,15.6998,15.6179,15.6835,15.7134,15.6384,15.5597,15.6297,15.5852,15.5366,15.4610,15.6157,15.6126,15.6454,15.6768,15.629382,15.583850,828.365620
28,15.6150,15.7720,15.5653,15.3208,15.5815,15.5007,15.5883,15.5716,15.6918,15.5182,15.5365,15.5010,15.3821,15.3186,15.6458,15.5555,15.8117,15.3015,15.4402,15.6855,15.6231,15.6489,15.6541,15.5592,15.4123,15.4682,15.5828,15.6484,15.7384,15.7047,15.5818,15.5909,15.6524,15.5974,15.6657,15.5789,15.4125,15.7541,15.6196,15.5244,15.6347,15.6283,15.5492,15.7430,15.7542,15.5180,15.5704,15.6253,15.7112,15.6341,15.7911,15.7391,15.6097,15.6123,15.6228,15.5970,15.3813,15.6443,15.6843,15.8676,15.8862,15.5000,15.4874,15.6756,15.5985,15.5676,15.5036,15.5099,15.8052,15.5677,15.5569,15.5873,15.5383,15.5768,15.7246,15.3333,15.5842,15.6121,15.6590,15.6019,15.6544,15.6339,15.7367,15.6693,15.5961,15.5881,15.7148,15.6250,15.6098,15.5368,15.6610,15.5242,15.6292,15.5831,16.0068,16.0838,15.6267,15.5895,15.6366,15.6264,15.629382,15.583850,828.365620
30,15.6185,15.7240,15.5906,15.4189,15.9109,16.0680,15.8813,15.6590,15.6595,15.5522,15.5313,15.4972,15.4909,15.4345,15.3653,16.0544,15.6689,15.5211,15.4569,15.6766,15.6264,15.6097,15.8245,15.3892,15.6572,15.5988,15.5807,15.6528,15.6903,15.6510,15.6017,15.5883,15.8670,15.7257,15.7478,15.5679,15.6587,15.5618,15.6002,15.3532,15.6417,15.6871,15.6030,15.6349,15.9337,15.4232,15.3526,15.7779,15.7078,15.6313,15.9063,15.8424,15.6006,15.6224,15.6277,15.5852,15.2963,15.6654,15.6427,15.6714,15.6179,15.5873,15.4293,15.7123,15.5782,15.5521,15.6753,15.6122,15.6712,15.5797,15.5216,15.5890,15.5795,15.5800,15.7619,15.2401,15.8138,15.4684,15.6884,15.6204,15.6255,15.5760,15.6932,15.6351,15.5976,15.5968,15.6471,15.5921,15.7430,15.8559,15.6546,15.5348,15.6294,15.5838,15.7035,15.6821,15.6074,15.6301,15.6454,15.6777,15.629382,15.583850,828.365620
32,15.6080,15.8624,15.5529,15.2636,15.6418,15.6048,15.8177,15.6399,15.6918,15.5182,15.5680,15.5309,15.3271,15.2586,15.6492,15.5490,15.7942,15.3281,15.5746,15.6130,15.6241,15.6376,15.7644,15.4488,15.2352,15.3745,15.5457,15.7018,15.6640,15.6223,15.5107,15.6043,15.7040,15.6284,15.6574,15.5800,15.3115,15.8385,15.5706,15.1822,15.6433,15.7011,15.5771,15.6867,15.6897,15.5520,15.5506,15.6387,15.7352,15.6482,15.8229,15.7685,15.5945,15.6318,15.6157,15.6015,15.5474,15.6039,15.6591,15.7571,15.8464,15.5127,15.5218,15.6520,15.6096,15.5679,15.3638,15.4254,15.6376,15.5831,15.4875,15.5906,15.5558,15.5782,15.6364,15.5655,15.7954,15.4799,15.6818,15.6162,15.6697,15.6645,15.8931,15.7949,15.5825,15.5966,15.6692,15.6029,15.6959,15.7430,15.6241,15.5930,15.6294,15.5840,15.8029,15.8137,15.6215,15.6005,15.6480,15.6928,15.629382,15.583850,828.365620
34,15.6010,15.9539,15.5831,15.3907,15.6993,15.7032,15.7587,15.6227,15.6937,15.5162,15.5318,15.4976,15.4621,15.4041,15.3931,16.0052,15.8386,15.2584,15.5468,15.6281,15.6256,15.6209,15.6741,15.5391,15.5318,15.5321,15.4916,15.7780,15.6665,15.6249,15.5815,15.5916,15.7295,15.6436,15.6924,15.5753,15.4802,15.7032,15.6439,15.6934,15.6362,15.6408,15.5424,15.7553,15.8431,15.4710,15.3932,15.7497,15.6450,15.5934,15.7182,15.6668,15.6134,15.6056,15.6171,15.5994,15.0859,15.7168,15.6864,15.9060,15.7708,15.5373,15.3669,15.7516,15.6132,15.5741,15.5754,15.5522,15.9004,15.5586,15.5823,15.5861,15.5573,15.5783,15.7834,15.1832,15.7750,15.4926,15.6772,15.6134,15.6472,15.6196,15.6960,15.6371,15.5708,15.6032,15.6940,15.6147,15.7092,15.7750,15.6654,15.5146,15.6294,15.5838,15.8800,15.9158,15.6071,15.6307,15.6414,15.6542,15.629382,15.583850,828.365620
36,15.6381,15.4701,15.5935,15.4332,15.8887,16.0289,15.8701,15.6557,15.7146,15.4942,15.5300,15.4970,15.4612,15.4027,15.6151,15.6097,15.7354,15.4191,15.4887,15.6593,15.6252,15.6252,15.7181,15.4953,15.3593,15.4405,15.6302,15.5827,15.6779,15.6374,15.5244,15.6016,15.7467,15.6539,15.7094,15.5731,15.7957,15.4510,15.5999,15.3737,15.6357,15.6371,15.5869,15.6669,15.8820,15.4505,15.5829,15.6165,15.6614,15.6032,15.9266,15.8643,15.5835,15.6464,15.6262,15.5875,15.2296,15.6817,15.6636,15.7807,15.8675,15.5056,15.4487,15.6993,15.5863,15.5554,15.3840,15.4380,15.6287,15.5839,15.5524,15.5875,15.6341,15.5842,15.6521,15.5247,15.7105,15.5330,15.6770,15.6133,15.6626,15.6504,15.7891,15.7116,15.6017,15.5916,15.6633,15.6000,15.7509,15.8749,15.6337,15.5754,15.6294,15.5839,15.7162,15.6989,15.6156,15.6129,15.6443,15.6712,15.629382,15.583850,828.365620
38,15.6133,15.7933,15.5656,15.3166,15.8057,15.8862,15.5606,15.5633,15.6668,15.5445,15.6014,15.5591,15.4723,15.4149,15.5242,15.7718,15.8241,15.2810,15.5130,15.6462,15.6223,15.6539,15.7698,15.4436,15.4951,15.5125,15.5126,15.7485,15.7241,15.6886,15.5524,15.5969,15.7731,15.6697,15.7030,15.5738,15.2692,15.8722,15.6077,15.4346,15.6378,15.6543,15.5490,15.7416,15.5814,15.6092,15.2591,15.8436,15.6971,15.6250,15.8161,15.7600,15.6202,15.5964,15.6183,15.5977,15.2035,15.6881,15.6643,15.7842,15.7924,15.5303,15.3993,15.7306,15.5983,15.5630,15.6320,15.5855,15.8756,15.5609,15.5839,15.5860,15.5617,15.5786,15.7225,15.3416,15.6725,15.5569,15.6503,15.5967,15.6541,15.6334,15.7765,15.7015,15.5772,15.5997,15.7025,15.6187,15.6931,15.7365,15.6625,15.5196,15.6294,15.5838,15.7815,15.7853,15.6181,15.6075,15.6435,15.6662,15.629382,15.583850,828.365620
40,15.6269,15.6165,15.6285,15.5804,15.7167,15.7337,15.8687,15.6554,15.6888,15.5214,15.5510,15.5151,15.5077,15.4529,15.4567,15.8920,15.7732,15.3602,15.5484,15.6273,15.6291,15.5869,15.7432,15.4702,15.6691,15.6049,15.4928,15.7764,15.6858,15.6463,15.5000,15.6056,15.7510,15.6564,15.7526,15.5672,15.4373,15.7376,15.5767,15.2147,15.6370,15.6478,15.5630,15.7142,15.8766,15.4534,15.5387,15.6475,15.6449,15.5933,15.6624,15.6148,15.6018,15.6215,15.6188,15.5967,15.3516,15.6518,15.6579,15.7465,15.7381,15.5481,15.5041,15.6639,15.6146,15.5749,15.3345,15.4089,15.9137,15.5573,15.5478,15.5877,15.5645,15.5788,15.6853,15.4383,15.8155,15.4673,15.6817,15.6162,15.6750,15.6753,15.7844,15.7079,15.6210,15.5866,15.6571,15.5971,15.7323,15.8304,15.6381,15.5671,15.6294,15.5839,15.8938,15.9341,15.6312,15.5801,15.6348,15.6156,15.629382,15.583850,828.365620
42,15.6182,15.7293,15.5631,15.3062,15.8489,15.9603,15.7259,15.6127,15.6680,15.5432,15.5811,15.5415,15.2966,15.2258,15.6111,15.6166,15.6811,15.5034,15.4678,15.6705,15.6238,15.6389,15.7490,15.4644,15.2149,15.3638,15.5514,15.6938,15.6803,15.6402,15.5610,15.5954,15.7258,15.6414,15.7079,15.5732,15.2782,15.8651,15.6205,15.5223,15.6357,15.6368,15.6330,15.5766,15.6255,15.5859,15.4787,15.6895,15.7248,15.6418,15.7693,15.7159,15.6056,15.6164,15.6259,15.5881,15.6387,15.5816,15.6771,15.8562,15.8335,15.5168,15.3766,15.7452,15.5780,15.5506,15.5064,15.5109,15.6479,15.5821,15.4915,15.5904,15.5769,15.5798,15.6120,15.6290,15.7597,15.5022,15.7001,15.6275,15.6803,15.6859,15.7445,15.6759,15.5879,15.5965,15.6755,15.6058,15.6423,15.6149,15.6306,15.5814,15.6294,15.5838,15.8508,15.8772,15.6215,15.6003,15.6502,15.7056,15.629382,15.583850,828.365620
44,15.6089,15.8509,15.5858,15.4012,15.8731,16.0018,15.7717,15.6264,15.6658,15.5456,15.5255,15.4927,15.4521,15.3931,15.3678,16.0510,15.7684,15.3677,15.4535,15.6781,15.6245,15.6318,15.7544,15.4590,15.4538,15.4906,15.5624,15.6783,15.7180,15.6818,15.5733,15.5933,15.6702,15.6082,15.7138,15.5724,15.6099,15.5994,15.5941,15.3376,15.6382,15.6581,15.5915,15.6582,15.8757,15.4538,15.4677,15.6973,15.6455,15.5937,15.6401,15.5940,15.6126,15.6068,15.6263,15.5877,15.3109,15.6618,15.6521,15.7136,15.8106,15.5244,15.5100,15.6600,15.6213,15.5789,15.4964,15.5049,15.9423,15.5547,15.4676,15.5915,15.5990,15.5815,15.7030,15.3923,15.7693,15.4962,15.6105,15.5722,15.6599,15.6449,15.8045,15.7240,15.5991,15.5932,15.6528,15.5950,15.7300,15.8249,15.6489,15.5460,15.6294,15.5839,15.6499,15.6111,15.5990,15.6477,15.6370,15.6287,15.629382,15.583850,828.365620
46,15.6283,15.5983,15.5776,15.3669,15.7043,15.7123,15.7633,15.6239,15.7078,15.5014,15.5343,15.5004,15.3955,15.3322,15.6158,15.6082,15.6628,15.5319,15.4770,15.6655,15.6269,15.6085,15.7925,15.4209,15.6204,15.5791,15.6078,15.6142,15.6874,15.6480,15.4970,15.6061,15.8173,15.6961,15.7121,15.5726,15.3606,15.7991,15.6072,15.4286,15.6338,15.6210,15.5658,15.7086,15.5944,15.6023,15.5674,15.6273,15.7342,15.6476,15.8516,15.7935,15.5839,15.6460,15.6180,15.5978,15.3868,15.6432,15.6566,15.7391,15.7870,15.5321,15.4738,15.6832,15.6141,15.5741,15.4449,15.4743,15.8767,15.5608,15.5713,15.5866,15.5753,15.5797,15.7286,15.3257,15.7104,15.5331,15.6850,15.6182,15.6438,15.6127,15.7605,15.6887,15.5998,15.5929,15.6891,15.6123,15.6592,15.6552,15.6628,15.5192,15.6294,15.5838,15.7178,15.7010,15.6147,15.6146,15.6481,15.6932,15.629382,15.583850,828.365620
48,15.6089,15.8504,15.6003,15.4621,15.7476,15.7866,15.6756,15.5977,15.6580,15.5538,15.5446,15.5095,15.3077,15.2377,15.4597,15.8869,15.8454,15.2479,15.5632,15.6193,15.6256,15.6217,15.6366,15.5767,15.3278,15.4238,15.4980,15.7691,15.7111,15.6742,15.5730,15.5933,15.7334,15.6459,15.6629,15.5793,15.4361,15.7386,15.5877,15.2925,15.6333,15.6166,15.5752,15.6901,15.8499,15.4674,15.3545,15.7767,15.6881,15.6195,15.7662,15.7129,15.5983,15.6263,15.6235,15.5910,15.3698,15.6474,15.6374,15.6298,15.8913,15.4978,15.3887,15.7374,15.5771,15.5503,15.5112,15.5137,15.8233,15.5658,15.6268,15.5840,15.5863,15.5805,15.7429,15.2884,15.7705,15.4955,15.6960,15.6250,15.6337,15.5925,15.6252,15.5805,15.6256,15.5850,15.7028,15.6189,15.7601,15.8969,15.6431,15.5573,15.6294,15.5838,15.7841,15.7888,15.6337,15.5747,15.6353,15.6183,15.629382,15.583850,828.365620
50,15.6147,15.7756,15.5513,15.2570,15.8616,15.9821,15.8086,15.6374,15.7221,15.4863,15.5805,15.5410,15.5778,15.5283,15.5589,15.7097,15.7780,15.3528,15.4450,15.6827,15.6243,15.6345,15.7547,15.4587,15.5469,15.5401,15.5994,15.6261,15.7328,15.6983,15.5240,15.6016,15.7734,15.6698,15.6932,15.5752,15.4250,15.7476,15.5930,15.3291,15.6403,15.6762,15.5378,15.7635,15.7727,15.5082,15.5826,15.6166,15.6941,15.6232,15.7325,15.6811,15.6188,15.5983,15.6222,15.5927,15.2502,15.6766,15.6748,15.8433,15.5765,15.6012,15.6083,15.5973,15.5672,15.5439,15.4284,15.4646,15.9798,15.5512,15.4975,15.5901,15.5601,15.5785,15.6869,15.4342,15.6978,15.5410,15.6841,15.6176,15.6891,15.7034,15.7368,15.6698,15.5689,15.6025,15.6571,15.5971,15.7243,15.8112,15.6533,15.5376,15.6294,15.5839,15.7990,15.8085,15.6034,15.6385,15.6501,15.7050,15.629382,15.583850,828.365620
52,15.6098,15.8385,15.5840,15.3941,15.6037,15.5398,15.9058,15.6665,15.6632,15.5483,15.5989,15.5571,15.3238,15.2551,15.5135,15.7909,15.8062,15.3090,15.5836,15.6084,15.6256,15.6212,15.7847,15.4288,15.3020,15.4100,15.5453,15.7024,15.6618,15.6198,15.5473,15.5977,15.7049,15.6289,15.7283,15.5704,15.4363,15.7385,15.6187,15.5091,15.6363,15.6418,15.5321,15.7747,15.8118,15.4876,15.4663,15.6983,15.6649,15.6055,15.9442,15.8808,15.5975,15.6274,15.6214,15.5937,15.2891,15.6671,15.6523,15.7147,16.0038,15.4609,15.5127,15.6584,15.5974,15.5633,15.5104,15.5132,15.6300,15.5838,15.5371,15.5882,15.5619,15.5786,15.6879,15.4317,15.7076,15.5348,15.6677,15.6075,15.6373,15.5998,15.6653,15.6125,15.5912,15.5956,15.6832,15.6095,15.7547,15.8841,15.6375,15.5682,15.6294,15.5838,15.6725,15.6410,15.6170,15.6099,15.6369,15.6277,15.629382,15.583850,828.365620
54,15.6122,15.8078,15.5754,15.3580,15.7993,15.8753,15.6975,15.6042,15.6606,15.5510,15.5594,15.5224,15.2844,15.2127,15.5640,15.7006,15.8686,15.2119,15.5145,15.6454,15.6266,15.6116,15.7771,15.4363,15.3120,15.4153,15.5894,15.6403,15.7154,15.6790,15.5823,15.5918,15.7085,15.6311,15.6917,15.5754,15.4930,15.6931,15.5610,15.1059,15.6436,15.7038,15.5119,15.8144,15.7649,15.5123,15.4837,15.6861,15.7040,15.6292,15.7038,15.6540,15.6117,15.6081,15.6215,15.5935,15.2686,15.6721,15.6391,15.6392,15.9970,15.4631,15.4525,15.6967,15.5994,15.5646,15.4711,15.4899,15.8206,15.5660,15.5431,15.5879,15.6141,15.5827,15.6463,15.5398,15.6244,15.5870,15.7002,15.6276,15.7001,15.7255,15.8568,15.7658,15.6073,15.5906,15.6416,15.5897,15.6272,15.5785,15.6784,15.4890,15.6294,15.5838,15.8500,15.8761,15.6113,15.6218,15.6379,15.6338,15.629382,15.583850,828.365620
56,15.6254,15.6364,15.5596,15.2918,15.8858,16.0236,15.7074,15.6072,15.6612,15.5503,15.5005,15.4707,15.4255,15.3645,15.4691,15.8701,15.6045,15.6226,15.4190,15.6966,15.6280,15.5971,15.8225,15.3909,15.5614,15.5478,15.5056,15.7584,15.6705,15.6293,15.5418,15.5986,15.7599,15.6618,15.7221,15.5713,15.4973,15.6897,15.5850,15.2734,15.6361,15.6402,15.5743,15.6919,15.7495,15.5204,15.4917,15.6804,15.6832,15.6166,15.7987,15.7435,15.5920,15.6349,15.6181,15.5976,15.1481,15.7016,15.6900,15.9301,15.7344,15.5494,15.3916,15.7356,15.6061,15.5689,15.6192,15.5778,15.9035,15.5583,15.5274,15.5887,15.4988,15.5738,15.7433,15.2874,15.8334,15.4561,15.6847,15.6180,15.6328,15.5906,15.7795,15.7039,15.6226,15.5859,15.6866,15.6111,15.7933,15.9765,15.6457,15.5523,15.6294,15.5838,15.7123,15.6936,15.6169,15.6100,15.6451,15.6756,15.629382,15.583850,828.365620
58,15.6060,15.8888,15.6364,15.6131,15.5999,15.5332,15.7559,15.6217,15.6593,15.5524,15.5839,15.5439,15.1401,15.0575,15.5981,15.6397,15.8871,15.1831,15.5440,15.6296,15.6253,15.6244,15.6610,15.5523,15.3810,15.4520,15.5341,15.7183,15.7350,15.7007,15.5225,15.6018,15.7625,15.6633,15.6987,15.5745,15.2764,15.8665,15.6020,15.3923,15.6376,15.6530,15.5832,15.6745,15.8038,15.4918,15.5157,15.6636,15.7009,15.6273,15.7870,15.7325,15.6052,15.6169,15.6175,15.5984,15.4280,15.6331,15.6455,15.6759,15.6872,15.5648,15.4473,15.7000,15.5920,15.5599,15.3403,15.4123,15.8593,15.5624,15.5080,15.5896,15.6693,15.5869,15.8089,15.1169,15.6654,15.5613,15.6483,15.5955,15.6702,15.6657,15.6777,15.6225,15.5880,15.5966,15.6215,15.5801,15.7345,15.8357,15.6639,15.5170,15.6294,15.5838,15.7723,15.7732,15.6095,15.6256,15.6347,15.6152,15.629382,15.583850,828.365620
60,15.6092,15.8469,15.5657,15.3174,15.8078,15.8899,15.8080,15.6373,15.6916,15.5184,15.5749,15.5361,15.6834,15.6420,15.4765,15.8569,15.7688,15.3670,15.4718,15.6683,15.6254,15.6230,15.6696,15.5437,15.5106,15.5208,15.5625,15.6782,15.6793,15.6391,15.5679,15.5942,15.6475,15.5947,15.6608,15.5796,15.5708,15.6308,15.5783,15.2264,15.6444,15.7101,15.5885,15.6641,15.7380,15.5265,15.3938,15.7491,15.7373,15.6494,15.8499,15.7918,15.5872,15.6415,15.6222,15.5927,15.1635,15.6979,15.6385,15.6359,15.8235,15.5201,15.6299,15.5835,15.6088,15.5706,15.6044,15.5690,15.5823,15.5882,15.5328,15.5884,15.5682,15.5791,15.6858,15.4370,15.8326,15.4566,15.6903,15.6215,15.6763,15.6778,15.7728,15.6986,15.6015,15.5924,15.7078,15.6212,15.7091,15.7748,15.6402,15.5629,15.6294,15.5838,15.6991,15.6763,15.6237,15.5957,15.6420,15.6580,15.629382,15.583850,828.365620
62,15.6157,15.7626,15.5979,15.4520,15.7492,15.7893,15.6987,15.6046,15.6551,15.5568,15.5689,15.5308,15.4678,15.4100,15.4795,15.8515,15.8870,15.1832,15.5797,15.6105,15.6262,15.6150,15.7352,15.4782,15.3434,15.4320,15.5637,15.6765,15.6660,15.6243,15.5064,15.6045,15.8305,15.7039,15.7268,15.5707,15.4790,15.7043,15.6328,15.6076,15.6275,15.5684,15.5965,15.6484,15.7284,15.5316,15.4349,15.7203,15.7059,15.6303,15.8256,15.7689,15.6073,15.6140,15.6167,15.5995,15.2566,15.6751,15.7049,16.0152,15.7839,15.5331,15.4342,15.7084,15.6111,15.5721,15.4824,15.4966,15.9210,15.5567,15.6726,15.5818,15.5155,15.5751,15.6396,15.5574,15.8019,15.4758,15.6766,15.6130,15.6625,15.6502,15.7965,15.7175,15.5905,15.5958,15.6974,15.6163,15.7323,15.8303,15.6482,15.5475,15.6294,15.5838,15.7851,15.7902,15.6082,15.6284,15.6524,15.7186,15.629382,15.583850,828.365620
64,15.6153,15.7672,15.5854,15.3996,15.6914,15.6901,15.8118,15.6384,15.6498,15.5624,15.5907,15.5499,15.3370,15.2692,15.4840,15.8434,15.6832,15.5002,15.5570,15.6226,15.6237,15.6398,15.8112,15.4022,15.3564,15.4389,15.5941,15.6336,15.7677,15.7368,15.6057,15.5878,15.6366,15.5882,15.7060,15.5735,15.3865,15.7783,15.5820,15.2524,15.6346,15.6282,15.5607,15.7186,15.7071,15.5428,15.5326,15.6518,15.7226,15.6405,15.7055,15.6557,15.6090,15.6118,15.6267,15.5872,15.6371,15.5820,15.6258,15.5634,15.8663,15.5060,15.4789,15.6799,15.5895,15.5582,15.2972,15.3867,15.8134,15.5667,15.4415,15.5928,15.6106,15.5824,15.7306,15.3204,15.7375,15.5162,15.6452,15.5936,15.6420,15.6090,15.7698,15.6962,15.5895,15.5961,15.6263,15.5824,15.6819,15.7095,15.6704,15.5044,15.6294,15.5838,15.7498,15.7433,15.6247,15.5936,15.6277,15.5740,15.629382,15.583850,828.365620
66,15.6080,15.8626,15.5821,15.3860,15.8269,15.9225,15.7571,15.6220,15.7005,15.5090,15.5547,15.5183,15.3826,15.3184,15.5621,15.7041,15.8002,15.3183,15.4095,15.7017,15.6234,15.6429,15.6892,15.5241,15.4278,15.4768,15.5662,15.6729,15.7055,15.6680,15.5506,15.5971,15.6666,15.6061,15.7041,15.5737,15.3079,15.8413,15.6242,15.5479,15.6445,15.7108,15.5468,15.7459,15.7698,15.5097,15.4858,15.6846,15.7136,15.6351,15.9709,15.9060,15.6033,15.6194,15.6193,15.5963,15.0248,15.7318,15.6724,15.8296,15.7107,15.5571,15.4624,15.6904,15.6067,15.5693,15.4280,15.4643,15.6306,15.5837,15.5766,15.5863,15.5413,15.5771,15.7339,15.3120,15.8022,15.4756,15.6642,15.6054,15.6571,15.6394,15.7362,15.6693,15.6104,15.5897,15.7116,15.6231,15.7479,15.8676,15.6513,15.5415,15.6294,15.5838,15.7688,15.7685,15.6117,15.6210,15.6384,15.6364,15.629382,15.583850,828.365620
68,15.6144,15.7792,15.6428,15.6399,15.7554,15.8000,15.7018,15.6055,15.6271,15.5863,15.5660,15.5282,15.2370,15.1617,15.5072,15.8020,15.7306,15.4264,15.5687,15.6164,15.6295,15.5829,15.8227,15.3908,15.5096,15.5203,15.5777,15.6567,15.6847,15.6451,15.5030,15.6051,15.7413,15.6507,15.7315,15.5700,15.5237,15.6684,15.5802,15.2397,15.6370,15.6480,15.5328,15.7733,15.8341,15.4758,15.3695,15.7662,15.7232,15.6409,15.6484,15.6018,15.5898,15.6379,15.6308,15.5821,15.2875,15.6675,15.6837,15.8941,15.6733,15.5694,15.4877,15.6743,15.6009,15.5656,15.4654,15.4865,15.8150,15.5665,15.6013,15.5852,15.5669,15.5790,15.6183,15.6126,15.8233,15.4624,15.6915,15.6222,15.6555,15.6362,15.7290,15.6635,15.5728,15.6013,15.6353,15.5867,15.7247,15.8122,15.6464,15.5508,15.6294,15.5838,15.8437,15.8678,15.6113,15.6219,15.6426,15.6612,15.629382,15.583850,828.365620
70,15.6153,15.7668,15.5920,15.4273,15.7128,15.7269,15.8670,15.6549,15.7179,15.4908,15.5774,15.5383,15.2974,15.2267,15.4455,15.9122,15.7036,15.4685,15.5174,15.6438,15.6277,15.6005,15.6764,15.5369,15.4211,15.4733,15.5472,15.6998,15.7090,15.6719,15.5836,15.5915,15.7944,15.6823,15.7032,15.5739,15.5891,15.6161,15.6192,15.5128,15.6436,15.7035,15.5685,15.7033,15.7138,15.5393,15.4895,15.6820,15.7241,15.6414,15.5297,15.4898,15.6174,15.6003,15.6206,15.5946,15.3595,15.6499,15.6539,15.7241,15.7454,15.5458,15.6106,15.5959,15.6099,15.5713,15.4762,15.4929,15.8894,15.5596,15.5638,15.5870,15.5633,15.5788,15.7265,15.3311,15.7159,15.5297,15.6463,15.5943,15.6477,15.6205,15.8385,15.7511,15.5908,15.5957,15.6608,15.5989,15.6829,15.7120,15.6594,15.5257,15.6294,15.5838,15.7886,15.7947,15.6173,15.6093,15.6410,15.6519,15.629382,15.583850,828.365620
72,15.6078,15.8656,15.5637,15.3088,15.7611,15.8097,15.6783,15.5985,15.7054,15.5040,15.5843,15.5443,15.5260,15.4726,15.5886,15.6567,15.7509,15.3949,15.4839,15.6618,15.6239,15.6378,15.7093,15.5040,15.3387,15.4295,15.5133,15.7475,15.7041,15.6665,15.5065,15.6045,15.6765,15.6120,15.7437,15.5684,15.5740,15.6282,15.5753,15.2052,15.6295,15.5846,15.5678,15.7047,15.6596,15.5679,15.4434,15.7143,15.7216,15.6399,16.0321,15.9637,15.5971,15.6279,15.6238,15.5907,15.4125,15.6369,15.6541,15.7249,15.7633,15.5399,15.2327,15.8371,15.5906,15.5590,15.5537,15.5389,15.5808,15.5884,15.5908,15.5857,15.5638,15.5788,15.7269,15.3302,15.8063,15.4731,15.6859,15.6188,15.6447,15.6146,15.6884,15.6311,15.6260,15.5849,15.6252,15.5819,15.7208,15.8027,15.6550,15.5343,15.6294,15.5838,15.7175,15.7005,15.6062,15.6325,15.6364,15.6247,15.629382,15.583850,828.365620
74,15.6320,15.5496,15.5636,15.3086,15.7593,15.8066,15.8678,15.6551,15.7399,15.4676,15.5568,15.5201,15.3401,15.2726,15.5997,15.6368,15.6697,15.5212,15.5649,15.6184,15.6284,15.5940,15.8974,15.3161,15.6345,15.5865,15.5693,15.6686,15.7481,15.7152,15.5923,15.5901,15.7480,15.6547,15.6871,15.5760,15.4105,15.7592,15.6094,15.4439,15.6416,15.6865,15.6388,15.5653,15.7166,15.5378,15.5744,15.6224,15.6632,15.6044,15.6579,15.6108,15.6131,15.6061,15.6211,15.5940,15.4920,15.6175,15.6551,15.7309,15.9048,15.4934,15.6265,15.5857,15.6141,15.5740,15.4259,15.4630,15.7200,15.5754,15.5072,15.5896,15.6164,15.5828,15.7114,15.3706,15.7418,15.5134,15.6419,15.5916,15.6836,15.6924,15.8043,15.7238,15.5832,15.5981,15.6946,15.6149,15.6226,15.5676,15.6357,15.5716,15.6294,15.5838,15.8269,15.8455,15.6025,15.6403,15.6400,15.6460,15.629382,15.583850,828.365620
76,15.6009,15.9547,15.6413,15.6339,15.7172,15.7344,15.7337,15.6150,15.6740,15.5370,15.5856,15.5455,15.4378,15.3778,15.4225,15.9533,15.7276,15.4311,15.4634,15.6728,15.6229,15.6482,15.6253,15.5879,15.3506,15.4358,15.5912,15.6378,15.7073,15.6700,15.5156,15.6030,15.7924,15.6811,15.6616,15.5795,15.3796,15.7839,15.5820,15.2525,15.6428,15.6968,15.4941,15.8493,15.7503,15.5200,15.4699,15.6957,15.7497,15.6570,15.8889,15.8287,15.5982,15.6264,15.6211,15.5940,15.1905,15.6912,15.6720,15.8272,15.7463,15.5455,15.3937,15.7342,15.5853,15.5555,15.5473,15.5351,15.8913,15.5594,15.5517,15.5875,15.5057,15.5743,15.6920,15.4210,15.7011,15.5389,15.6925,15.6229,15.6360,15.5972,15.8310,15.7452,15.6124,15.5891,15.6546,15.5959,15.6837,15.7140,15.6434,15.5567,15.6294,15.5838,15.7421,15.7331,15.6265,15.5898,15.6425,15.6604,15.629382,15.583850,828.365620
78,15.6089,15.8510,15.5410,15.2140,15.7192,15.7379,15.8057,15.6366,15.6767,15.5341,15.5564,15.5198,15.2918,15.2207,15.5570,15.7131,15.8316,15.2695,15.5544,15.6240,15.6246,15.6315,15.7382,15.4751,15.5970,15.5667,15.5610,15.6802,15.7395,15.7056,15.6193,15.5855,15.7458,15.6533,15.6996,15.5743,15.3772,15.7858,15.6048,15.4119,15.6347,15.6284,15.5549,15.7301,15.6871,15.5534,15.4663,15.6983,15.6667,15.6065,15.8018,15.7465,15.6156,15.6026,15.6229,15.5918,15.3854,15.6436,15.6424,15.6581,15.7520,15.5436,15.4549,15.6952,15.5684,15.5447,15.4296,15.4653,15.7336,15.5741,15.5961,15.5854,15.6512,15.5855,15.7027,15.3930,15.7758,15.4922,15.6895,15.6210,15.6807,15.6866,15.6914,15.6334,15.5778,15.5997,15.6210,15.5798,15.7433,15.8567,15.6550,15.5342,15.6294,15.5838,15.8160,15.8311,15.6109,15.6226,15.6436,15.6671,15.629382,15.583850,828.365620
80,15.6174,15.7396,15.6340,15.6034,15.8136,15.8998,15.6403,15.5871,15.6620,15.5495,15.5571,15.5204,15.5437,15.4916,15.4916,15.8300,15.7404,15.4112,15.5798,15.6104,15.6300,15.5779,15.8298,15.3837,15.4326,15.4794,15.5556,15.6879,15.7269,15.6918,15.5009,15.6055,15.7274,15.6424,15.6725,15.5780,15.3202,15.8314,15.5981,15.3653,15.6413,15.6842,15.5708,15.6987,15.7477,15.5214,15.4815,15.6876,15.6812,15.6153,15.8851,15.8251,15.6087,15.6121,15.6301,15.5829,15.5516,15.6029,15.6714,15.8238,15.8565,15.5092,15.4839,15.6767,15.6187,15.5770,15.5428,15.5324,15.7258,15.5749,15.4845,15.5907,15.5806,15.5801,15.7073,15.3811,15.7366,15.5167,15.6787,15.6143,15.6433,15.6117,15.7459,15.6771,15.6116,15.5893,15.6544,15.5958,15.7398,15.8482,15.6545,15.5352,15.6294,15.5838,15.6834,15.6554,15.6103,15.6239,15.6383,15.6358,15.629382,15.583850,828.365620
82,15.6026,15.9329,15.5475,15.2411,15.7552,15.7996,15.9447,15.6781,15.6866,15.5236,15.5543,15.5180,15.3745,15.3096,15.4305,15.9389,15.9170,15.1366,15.4696,15.6695,15.6225,15.6517,15.7989,15.4145,15.3721,15.4473,15.5260,15.7296,15.7010,15.6631,15.4991,15.6058,15.7305,15.6442,15.8015,15.5605,15.5538,15.6444,15.6035,15.4025,15.6363,15.6425,15.5580,15.7238,15.7615,15.5141,15.4412,15.7159,15.7691,15.6688,15.9121,15.8505,15.5982,15.6264,15.6217,15.5933,15.3376,15.6552,15.6389,15.6380,15.8017,15.5273,15.3500,15.7622,15.6124,15.5729,15.4041,15.4502,15.7644,15.5713,15.5457,15.5878,15.6027,15.5818,15.7595,15.2453,15.6982,15.5408,15.6367,15.5883,15.6621,15.6495,15.7142,15.6517,15.5771,15.5999,15.6914,15.6134,15.6813,15.7082,15.6425,15.5585,15.6294,15.5838,15.8691,15.9015,15.6110,15.6226,15.6426,15.6613,15.629382,15.583850,828.365620
84,15.6294,15.5841,15.5828,15.3888,15.7659,15.8179,15.6781,15.5984,15.6410,15.5717,15.5381,15.5038,15.5508,15.4993,15.5765,15.6782,15.5588,15.6936,15.5624,15.6198,15.6265,15.6123,15.7235,15.4899,15.4113,15.4680,15.6313,15.5812,15.6686,15.6272,15.6150,15.5863,15.7210,15.6386,15.6825,15.5767,15.4152,15.7554,15.5832,15.2607,15.6340,15.6225,15.5566,15.7267,15.6815,15.5563,15.4747,15.6923,15.7447,15.6539,15.9435,15.8801,15.6010,15.6227,15.6151,15.6013,15.4365,15.6311,15.6419,15.6553,15.8748,15.5032,15.4981,15.6676,15.5769,15.5502,15.5189,15.5183,15.7766,15.5701,15.6046,15.5850,15.5836,15.5803,15.7330,15.3143,15.8598,15.4395,15.7083,15.6326,15.6511,15.6273,15.6862,15.6293,15.6056,15.5912,15.6899,15.6127,15.7027,15.7595,15.6627,15.5194,15.6294,15.5838,15.8476,15.8729,15.6307,15.5812,15.6431,15.6641,15.629382,15.583850,828.365620
86,15.6112,15.8206,15.6482,15.6625,15.6579,15.6328,15.6450,15.5885,15.7503,15.4567,15.5210,15.4887,15.1856,15.1064,15.5049,15.8062,15.6108,15.6127,15.5477,15.6276,15.6236,15.6411,15.6985,15.5149,15.4309,15.4785,15.5803,15.6531,15.6917,15.6528,15.4997,15.6057,15.7933,15.6817,15.7337,15.5697,15.3853,15.7793,15.5819,15.2517,15.6415,15.6859,15.5843,15.6723,15.7491,15.5207,15.4624,15.7010,15.6824,15.6161,15.9325,15.8697,15.6186,15.5986,15.6217,15.5933,15.2961,15.6654,15.6424,15.6583,15.8691,15.5051,15.3957,15.7330,15.5813,15.5530,15.5351,15.5279,15.8397,15.5642,15.5334,15.5884,15.5838,15.5803,15.6879,15.4317,15.6625,15.5631,15.6062,15.5695,15.6638,15.6528,15.7500,15.6803,15.5971,15.5938,15.6440,15.5908,15.7072,15.7703,15.6374,15.5683,15.6294,15.5838,15.7757,15.7776,15.6188,15.6061,15.6389,15.6397,15.629382,15.583850,828.365620
88,15.5973,16.0017,15.5798,15.3764,15.7515,15.7932,15.8355,15.6455,15.6252,15.5882,15.5083,15.4775,15.5132,15.4588,15.4656,15.8764,15.9387,15.1029,15.3862,15.7142,15.6275,15.6024,15.7273,15.4861,15.2889,15.4031,15.5466,15.7006,15.6922,15.6533,15.6295,15.5838,15.7255,15.6412,15.7344,15.5696,15.3392,15.8162,15.6035,15.4026,15.6403,15.6757,15.5921,15.6570,15.7632,15.5132,15.6220,15.5890,15.6340,15.5866,15.6344,15.5886,15.5926,15.6341,15.6218,15.5931,15.1664,15.6972,15.6424,15.6579,15.8621,15.5074,15.5086,15.6609,15.5948,15.5616,15.3981,15.4466,15.7860,15.5692,15.6071,15.5849,15.5787,15.5799,15.6817,15.4476,15.6952,15.5427,15.6330,15.5861,15.6758,15.6768,15.7197,15.6561,15.6277,15.5844,15.6685,15.6025,15.6727,15.6875,15.6442,15.5551,15.6294,15.5838,15.6108,15.5592,15.6088,15.6270,15.6378,15.6332,15.629382,15.583850,828.365620
90,15.6113,15.8201,15.5685,15.3290,15.7134,15.7279,15.7241,15.6122,15.7016,15.5079,15.6381,15.5915,15.3669,15.3015,15.4009,15.9918,15.7243,15.4363,15.5661,15.6177,15.6243,15.6344,15.7050,15.5084,15.5001,15.5152,15.5222,15.7350,15.7219,15.6862,15.5532,15.5967,15.7298,15.6438,15.7126,15.5726,15.6101,15.5993,15.5535,15.0533,15.6359,15.6388,15.5469,15.7456,15.6721,15.5613,15.5724,15.6239,15.7435,15.6532,16.0803,16.0091,15.6174,15.6003,15.6220,15.5929,15.4069,15.6383,15.6581,15.7476,15.7475,15.5450,15.5799,15.6154,15.5946,15.5616,15.6097,15.5722,15.8346,15.5647,15.6398,15.5834,15.6028,15.5818,15.6763,15.4617,15.7622,15.5007,15.6709,15.6095,15.6306,15.5864,15.7661,15.6932,15.5475,15.6091,15.6832,15.6095,15.7128,15.7835,15.6596,15.5253,15.6294,15.5838,15.6476,15.6080,15.6156,15.6129,15.6512,15.7115,15.629382,15.583850,828.365620
92,15.6148,15.7744,15.5764,15.3622,15.8086,15.8912,15.8262,15.6427,15.6697,15.5415,15.5280,15.4949,15.2601,15.1866,15.6760,15.5005,15.8320,15.2687,15.5615,15.6202,15.6270,15.6077,15.7268,15.4866,15.5021,15.5162,15.5668,15.6721,15.6959,15.6574,15.5654,15.5946,15.7761,15.6714,15.7185,15.5718,15.3956,15.7710,15.6446,15.6905,15.6351,15.6321,15.4981,15.8414,15.7783,15.5053,15.4482,15.7110,15.6611,15.6031,15.7606,15.7077,15.5867,15.6422,15.6262,15.5877,15.2046,15.6878,15.6679,15.8037,15.9375,15.4826,15.3992,15.7308,15.5995,15.5647,15.3780,15.4347,15.9201,15.5567,15.5041,15.5898,15.5145,15.5750,15.7368,15.3044,15.7370,15.5164,15.6672,15.6072,15.6758,15.6769,15.7689,15.6954,15.6120,15.5892,15.6473,15.5924,15.6731,15.6885,15.6423,15.5588,15.6294,15.5838,15.8062,15.8180,15.6342,15.5738,15.6312,15.5946,15.629382,15.583850,828.365620
94,15.6116,15.8161,15.6015,15.4672,15.7106,15.7231,15.7467,15.6189,15.7300,15.4781,15.5171,15.4853,15.5032,15.4481,15.3852,16.0198,15.7111,15.4567,15.4567,15.6764,15.6248,15.6290,15.8226,15.3909,15.3620,15.4419,15.5572,15.6856,15.7593,15.7276,15.5737,15.5932,15.7990,15.6851,15.7530,15.5671,15.3029,15.8453,15.5516,15.0395,15.6365,15.6435,15.5495,15.7405,15.7776,15.5056,15.5275,15.6553,15.7424,15.6525,15.9303,15.8677,15.6042,15.6182,15.6223,15.5926,15.4264,15.6335,15.6576,15.7448,15.6848,15.5657,15.5416,15.6399,15.6050,15.5682,15.5540,15.5391,15.7225,15.5752,15.5956,15.5854,15.6346,15.5843,15.6988,15.4032,15.7807,15.4891,15.6919,15.6225,15.6407,15.6065,15.7997,15.7201,15.6222,15.5861,15.6700,15.6032,15.6819,15.7096,15.6375,15.5682,15.6294,15.5838,15.7719,15.7726,15.5992,15.6473,15.6390,15.6399,15.629382,15.583850,828.365620
96,15.6195,15.7124,15.6310,15.5907,15.7133,15.7278,15.7962,15.6337,15.6466,15.5657,15.6497,15.6017,15.4367,15.3765,15.4967,15.8208,15.7250,15.4352,15.4376,15.6866,15.6245,15.6324,15.7882,15.4253,15.5021,15.5163,15.5596,15.6822,15.6992,15.6611,15.4960,15.6063,15.5984,15.5653,15.7714,15.5646,15.5032,15.6849,15.6377,15.6419,15.6421,15.6911,15.5883,15.6645,15.7550,15.5176,15.4378,15.7182,15.7345,15.6477,15.8326,15.7755,15.5988,15.6256,15.6186,15.5970,15.7193,15.5618,15.6462,15.6801,15.7710,15.5374,15.3886,15.7375,15.6119,15.5726,15.6810,15.6145,15.8745,15.5610,15.4818,15.5908,15.5605,15.5785,15.6888,15.4292,15.7110,15.5328,15.6788,15.6144,15.6230,15.5711,15.6906,15.6328,15.5867,15.5970,15.6844,15.6101,15.6937,15.7380,15.6539,15.5364,15.6294,15.5838,15.8099,15.8229,15.6312,15.5800,15.6431,15.6640,15.629382,15.583850,828.365620
98,15.6229,15.6686,15.6003,15.4620,15.7790,15.8405,15.7520,15.6205,15.7658,15.4404,15.4908,15.4622,15.4420,15.3823,15.6409,15.5633,15.8441,15.2500,15.6419,15.5771,15.6239,15.6384,15.7479,15.4655,15.4347,15.4805,15.5451,15.7026,15.6896,15.6505,15.4971,15.6061,15.8396,15.7093,15.7625,15.5658,15.3960,15.7707,15.5750,15.2031,15.6415,15.6862,15.6131,15.6159,15.7574,15.5163,15.4270,15.7259,15.6697,15.6084,15.7298,15.6785,15.6026,15.6204,15.6189,15.5967,14.9257,15.7561,15.6651,15.7878,15.8068,15.5256,15.4891,15.6734,15.6086,15.5705,15.4014,15.4485,15.9061,15.5580,15.5688,15.5867,15.5946,15.5812,15.7448,15.2836,15.7789,15.4902,15.6646,15.6056,15.6902,15.7057,15.6273,15.5822,15.6317,15.5831,15.6819,15.6089,15.7087,15.7737,15.6716,15.5021,15.6294,15.5838,15.8100,15.8231,15.6265,15.5899,15.6428,15.6623,15.629382,15.583850,828.365620
100,15.6022,15.9378,15.5800,15.3770,15.7637,15.8141,15.6142,15.5793,15.6768,15.5340,15.5828,15.5430,15.3488,15.2819,15.5669,15.6954,15.8137,15.2972,15.4337,15.6887,15.6235,15.6415,15.6141,15.5991,15.4521,15.4897,15.5822,15.6504,15.7515,15.7190,15.5631,15.5950,15.7033,15.6279,15.6313,15.5836,15.6168,15.5939,15.5939,15.3353,15.6410,15.6814,15.5550,15.7297,15.7607,15.5145,15.5811,15.6177,15.7053,15.6300,15.9189,15.8569,15.6174,15.6003,15.6284,15.5850,15.5985,15.5914,15.6503,15.7035,15.6921,15.5633,15.4462,15.7008,15.5728,15.5476,15.2998,15.3882,15.6827,15.5789,15.4689,15.5915,15.5792,15.5800,15.6896,15.4273,15.8684,15.4342,15.6847,15.6180,15.6426,15.6103,15.8522,15.7621,15.5806,15.5989,15.6173,15.5781,15.7336,15.8333,15.6470,15.5497,15.6294,15.5838,15.6892,15.6632,15.6051,15.6348,15.6517,15.7148,15.629382,15.583850,828.365620
102,15.6022,15.9384,15.5605,15.2954,15.8420,15.9484,15.8451,15.6484,15.6720,15.5390,15.5067,15.4762,15.3833,15.3191,15.4185,15.9605,15.7590,15.3823,15.4808,15.6635,15.6260,15.6176,15.7519,15.4615,15.6249,15.5814,15.5367,15.7145,15.6366,15.5919,15.5014,15.6054,15.7724,15.6692,15.7449,15.5682,15.2691,15.8724,15.6047,15.4113,15.6309,15.5967,15.5952,15.6510,15.7205,15.5357,15.5167,15.6629,15.6844,15.6173,15.6785,15.6302,15.6056,15.6164,15.6176,15.5983,15.2679,15.6723,15.6499,15.7008,16.0934,15.4314,15.3568,15.7579,15.6072,15.5696,15.8191,15.6965,15.9221,15.5566,15.4608,15.5918,15.5788,15.5799,15.7682,15.2227,15.6961,15.5421,15.6570,15.6009,15.6932,15.7117,15.6879,15.6307,15.6180,15.5873,15.7390,15.6361,15.6593,15.6554,15.6350,15.5730,15.6294,15.5838,15.8628,15.8931,15.6287,15.5854,15.6374,15.6307,15.629382,15.583850,828.365620
104,15.6028,15.9303,15.6207,15.5475,15.7212,15.7414,15.7061,15.6068,15.6693,15.5418,15.6294,15.5839,15.2254,15.1493,15.5204,15.7785,15.7694,15.3662,15.5154,15.6449,15.6236,15.6408,15.7216,15.4918,15.5263,15.5291,15.6218,15.5945,15.7417,15.7081,15.6335,15.5832,15.6780,15.6129,15.6703,15.5783,15.3340,15.8204,15.6045,15.4100,15.6446,15.7122,15.6074,15.6269,15.8069,15.4901,15.2976,15.8166,15.6886,15.6198,15.8743,15.8148,15.5997,15.6244,15.6267,15.5872,15.1733,15.6955,15.6477,15.6885,15.6709,15.5702,15.4709,15.6850,15.5900,15.5586,15.6690,15.6074,15.5885,15.5877,15.5599,15.5871,15.5608,15.5786,15.7899,15.1662,15.7392,15.5151,15.6806,15.6155,15.6456,15.6164,15.8426,15.7544,15.6096,15.5899,15.6613,15.5991,15.7192,15.7989,15.6711,15.5031,15.6294,15.5838,15.8709,15.9038,15.6061,15.6327,15.6458,15.6797,15.629382,15.583850,828.365620
106,15.6083,15.8584,15.5563,15.2779,15.7496,15.7900,15.7904,15.6320,15.6955,15.5143,15.5002,15.4705,15.6068,15.5595,15.5989,15.6383,15.7182,15.4458,15.5451,15.6290,15.6223,15.6540,15.7884,15.4251,15.4187,15.4720,15.5086,15.7542,15.7177,15.6816,15.4902,15.6073,15.7985,15.6848,15.7162,15.5721,15.6130,15.5970,15.5842,15.2678,15.6300,15.5894,15.5625,15.7150,15.7744,15.5073,15.6384,15.5775,15.7172,15.6372,15.7542,15.7015,15.6052,15.6169,15.6290,15.5843,15.3127,15.6614,15.6577,15.7453,15.8897,15.4983,15.5192,15.6542,15.6060,15.5688,15.3075,15.3928,15.7769,15.5701,15.5043,15.5898,15.5518,15.5779,15.6398,15.5567,15.7804,15.4893,15.6370,15.5886,15.6522,15.6297,15.6963,15.6374,15.5762,15.6002,15.6875,15.6116,15.6396,15.6083,15.6627,15.5193,15.6294,15.5838,15.7527,15.7472,15.6117,15.6210,15.6495,15.7018,15.629382,15.583850,828.365620
108,15.6064,15.8839,15.5818,15.3845,15.7434,15.7795,15.7386,15.6165,15.7124,15.4965,15.6103,15.5671,15.6436,15.5992,15.4594,15.8874,15.7763,15.3553,15.4353,15.6879,15.6283,15.5944,15.8586,15.3549,15.4874,15.5084,15.5784,15.6557,15.7281,15.6930,15.6120,15.5868,15.7561,15.6595,15.7177,15.5719,15.3975,15.7696,15.6283,15.5760,15.6422,15.6917,15.5481,15.7433,15.7539,15.5181,15.4769,15.6908,15.7181,15.6378,15.7644,15.7112,15.6209,15.5954,15.6236,15.5909,15.3299,15.6571,15.6880,15.9186,15.7572,15.5419,15.4452,15.7014,15.6069,15.5694,15.6526,15.5977,15.9486,15.5541,15.5602,15.5871,15.5845,15.5804,15.8029,15.1324,15.7505,15.5080,15.6584,15.6018,15.6800,15.6853,15.7014,15.6415,15.6051,15.5913,15.6433,15.5905,15.7163,15.7921,15.6436,15.5563,15.6294,15.5838,15.8699,15.9025,15.6189,15.6059,15.6444,15.6716,15.629382,15.583850,828.365620
110,15.6222,15.6778,15.5967,15.4468,15.7829,15.8471,15.7404,15.6171,15.6675,15.5438,15.5073,15.4767,15.2965,15.2257,15.5693,15.6912,15.7683,15.3678,15.4157,15.6984,15.6282,15.5960,15.7229,15.4904,15.3991,15.4616,15.6201,15.5969,15.6875,15.6481,15.5608,15.5954,15.6713,15.6089,15.6272,15.5841,15.4326,15.7415,15.5731,15.1904,15.6394,15.6678,15.5530,15.7338,15.6956,15.5489,15.4471,15.7117,15.6697,15.6084,15.8777,15.8180,15.6013,15.6222,15.6253,15.5889,15.3725,15.6467,15.6424,15.6581,15.9578,15.4760,15.5918,15.6078,15.5610,15.5399,15.4917,15.5021,15.6132,15.5854,15.5925,15.5856,15.5674,15.5791,15.7170,15.3559,15.6728,15.5566,15.6336,15.5864,15.6269,15.5789,15.7363,15.6694,15.6174,15.5875,15.7035,15.6192,15.6598,15.6568,15.6606,15.5234,15.6294,15.5838,15.6956,15.6716,15.6128,15.6186,15.6456,15.6786,15.629382,15.583850,828.365620
112,15.6150,15.7712,15.5944,15.4374,15.7065,15.7161,15.7431,15.6178,15.6677,15.5436,15.6155,15.5716,15.5027,15.4476,15.4211,15.9558,15.8490,15.2424,15.5418,15.6308,15.6240,15.6371,15.6971,15.5162,15.3506,15.4358,15.5915,15.6372,15.6737,15.6328,15.5241,15.6016,15.8072,15.6900,15.7313,15.5700,15.4061,15.7627,15.5728,15.1879,15.6362,15.6412,15.5763,15.6881,15.7039,15.5445,15.5262,15.6562,15.6788,15.6139,15.8182,15.7620,15.5902,15.6374,15.6289,15.5845,15.0129,15.7347,15.6716,15.8250,15.8334,15.5168,15.4668,15.6876,15.6060,15.5688,15.4903,15.5013,15.6820,15.5789,15.4963,15.5902,15.5338,15.5765,15.7397,15.2968,15.8265,15.4604,15.7005,15.6278,15.6957,15.7168,15.7814,15.7054,15.5690,15.6024,15.7013,15.6181,15.7563,15.8877,15.6525,15.5391,15.6294,15.5838,15.9097,15.9553,15.6107,15.6230,15.6376,15.6320,15.629382,15.583850,828.365620
114,15.6049,15.9027,15.5829,15.3894,15.7357,15.7662,15.7751,15.6274,15.7238,15.4845,15.6550,15.6063,15.3565,15.2903,15.4061,15.9826,15.7364,15.4175,15.4710,15.6687,15.6265,15.6119,15.6228,15.5905,15.3365,15.4284,15.4970,15.7705,15.6739,15.6330,15.4805,15.6089,15.7651,15.6649,15.7347,15.5696,15.3470,15.8100,15.5850,15.2737,15.6328,15.6128,15.6184,15.6054,15.8744,15.4545,15.3939,15.7491,15.6615,15.6034,15.7610,15.7080,15.6005,15.6233,15.6176,15.5983,15.5702,15.5983,15.6488,15.6949,15.6662,15.5718,15.3332,15.7729,15.5806,15.5526,15.4872,15.4995,15.7892,15.5689,15.5240,15.5888,15.6177,15.5830,15.6760,15.4626,15.7720,15.4945,15.6671,15.6071,15.6353,15.5957,15.7303,15.6646,15.6398,15.5807,15.6087,15.5740,15.7980,15.9877,15.6455,15.5527,15.6294,15.5838,15.7526,15.7471,15.6116,15.6212,15.6438,15.6680,15.629382,15.583850,828.365620
116,15.6268,15.6174,15.6240,15.5615,15.7598,15.8076,15.7315,15.6144,15.6651,15.5463,15.5108,15.4798,15.2864,15.2148,15.5021,15.8111,15.7615,15.3783,15.5390,15.6323,15.6252,15.6255,15.7772,15.4362,15.3274,15.4235,15.5701,15.6675,15.7749,15.7449,15.5605,15.5954,15.6071,15.5705,15.7194,15.5717,15.4009,15.7668,15.6137,15.4745,15.6347,15.6288,15.5586,15.7227,15.6464,15.5749,15.3823,15.7572,15.6847,15.6175,15.7858,15.7313,15.5855,15.6438,15.6199,15.5955,15.4174,15.6357,15.6526,15.7166,15.9331,15.4841,15.3980,15.7315,15.6106,15.5718,15.5305,15.5252,15.8036,15.5676,15.5939,15.5855,15.6723,15.5872,15.7425,15.2897,15.7012,15.5389,15.6654,15.6061,15.6744,15.6740,15.6706,15.6169,15.5690,15.6024,15.7206,15.6273,15.6503,15.6339,15.6702,15.5048,15.6294,15.5838,15.9075,15.9523,15.5969,15.6520,15.6491,15.6995,15.629382,15.583850,828.365620
118,15.5979,15.9941,15.5699,15.3349,15.6838,15.6772,15.7392,15.6167,15.6479,15.5644,15.6032,15.5609,15.4126,15.3507,15.5190,15.7809,15.7296,15.4280,15.5448,15.6292,15.6265,15.6118,15.6981,15.5152,15.4091,15.4669,15.6169,15.6014,15.6546,15.6117,15.5246,15.6015,15.8619,15.7227,15.6654,15.5790,15.4860,15.6987,15.6006,15.3825,15.6368,15.6464,15.5483,15.7429,15.6472,15.5744,15.3427,15.7850,15.7148,15.6358,15.9073,15.8460,15.5923,15.6345,15.6269,15.5869,15.4865,15.6188,15.6483,15.6917,15.8632,15.5071,15.5091,15.6606,15.5950,15.5618,15.4057,15.4511,15.9761,15.5515,15.5301,15.5886,15.5322,15.5763,15.7840,15.1815,15.8320,15.4569,15.6716,15.6099,15.6592,15.6435,15.7505,15.6808,15.6210,15.5864,15.6016,15.5706,15.7353,15.8374,15.6570,15.5304,15.6294,15.5838,15.6480,15.6086,15.6107,15.6231,15.6361,15.6232,15.629382,15.583850,828.365620
120,15.6016,15.9461,15.6032,15.4741,15.7369,15.7683,15.6985,15.6045,15.7239,15.4844,15.5418,15.5070,15.4484,15.3892,15.5012,15.8127,15.8565,15.2307,15.4982,15.6542,15.6269,15.6085,15.6762,15.5371,15.3237,15.4216,15.5312,15.7223,15.6744,15.6337,15.5022,15.6052,15.6341,15.5867,15.7194,15.5717,15.2822,15.8619,15.5724,15.1851,15.6378,15.6548,15.5674,15.7055,15.6435,15.5764,15.6011,15.6037,15.7208,15.6394,15.7208,15.6701,15.6108,15.6092,15.6260,15.5880,15.3183,15.6600,15.6402,15.6454,15.8303,15.5179,15.4712,15.6848,15.5633,15.5414,15.5401,15.5308,15.7279,15.5747,15.5292,15.5886,15.5984,15.5815,15.7376,15.3024,15.7032,15.5376,15.6663,15.6067,15.6345,15.5941,15.7176,15.6544,15.6388,15.5810,15.6561,15.5966,15.7581,15.8921,15.6376,15.5679,15.6294,15.5838,15.5939,15.5369,15.6267,15.5894,15.6402,15.6471,15.629382,15.583850,828.365620
122,15.6287,15.5931,15.5924,15.4292,15.7826,15.8465,15.7933,15.6329,15.6750,15.5359,15.5624,15.5250,15.2224,15.1460,15.4348,15.9314,15.7331,15.4225,15.5312,15.6365,15.6276,15.6014,15.7843,15.4291,15.3009,15.4095,15.5724,15.6642,15.7612,15.7297,15.5405,15.5988,15.8111,15.6923,15.6833,15.5765,15.4694,15.7119,15.6022,15.3935,15.6378,15.6549,15.5402,15.7589,15.7575,15.5162,15.3636,15.7703,15.6858,15.6182,15.8718,15.8125,15.6116,15.6082,15.6183,15.5975,15.2411,15.6789,15.6624,15.7723,15.7013,15.5602,15.5999,15.6027,15.5696,15.5455,15.5800,15.5545,15.8997,15.5586,15.5534,15.5875,15.5622,15.5787,15.6341,15.5715,15.6166,15.5918,15.6653,15.6061,15.6652,15.6556,15.8526,15.7625,15.5794,15.5992,15.6777,15.6069,15.6576,15.6515,15.6694,15.5064,15.6294,15.5838,15.7577,15.7538,15.6085,15.6276,15.6443,15.6709,15.629382,15.583850,828.365620
124,15.6161,15.7567,15.5833,15.3910,15.7065,15.7160,15.6706,15.5962,15.6788,15.5319,15.5530,15.5168,15.5775,15.5281,15.4828,15.8456,15.8388,15.2583,15.4248,15.6935,15.6248,15.6293,15.7339,15.4795,15.5478,15.5405,15.6157,15.6031,15.6486,15.6051,15.5110,15.6038,15.7562,15.6595,15.6962,15.5748,15.5658,15.6348,15.5782,15.2255,15.6372,15.6497,15.5733,15.6938,15.8463,15.4693,15.2995,15.8152,15.7035,15.6289,15.8698,15.8106,15.6076,15.6136,15.6271,15.5866,15.5006,15.6154,15.6698,15.8146,15.6923,15.5632,15.3862,15.7391,15.6011,15.5657,15.2960,15.3860,15.7763,15.5701,15.5982,15.5853,15.5294,15.5761,15.7667,15.2267,15.8081,15.4719,15.6671,15.6071,15.6705,15.6663,15.7266,15.6617,15.5996,15.5930,15.6533,15.5952,15.7136,15.7855,15.6440,15.5556,15.6294,15.5838,15.7465,15.7390,15.6168,15.6103,15.6409,15.6512,15.629382,15.583850,828.365620
126,15.6071,15.8748,15.6099,15.5022,15.6833,15.6763,15.7894,15.6317,15.7467,15.4605,15.5282,15.4951,15.4479,15.3886,15.5491,15.7272,15.7296,15.4279,15.6001,15.5995,15.6221,15.6560,15.8241,15.3893,15.6175,15.5775,15.5151,15.7449,15.6857,15.6461,15.6121,15.5868,15.6803,15.6143,15.7598,15.5662,15.4868,15.6980,15.6074,15.4301,15.6330,15.6146,15.5769,15.6869,15.7228,15.5345,15.3895,15.7521,15.7082,15.6318,15.8466,15.7888,15.6219,15.5941,15.6217,15.5932,15.2257,15.6826,15.6540,15.7244,15.9477,15.4793,15.5995,15.6029,15.5723,15.5472,15.5141,15.5154,15.7498,15.5726,15.5364,15.5883,15.6088,15.5823,15.6618,15.4994,15.7561,15.5045,15.6717,15.6100,15.6835,15.6923,15.6903,15.6326,15.6029,15.5920,15.7136,15.6240,15.6920,15.7338,15.6280,15.5866,15.6294,15.5838,15.8020,15.8125,15.6175,15.6088,15.6418,15.6566,15.629382,15.583850,828.365620
128,15.6197,15.7098,15.5639,15.3098,15.7783,15.8392,15.7626,15.6237,15.6050,15.6095,15.5360,15.5019,15.4748,15.4175,15.4815,15.8478,15.6485,15.5541,15.4266,15.6926,15.6245,15.6321,15.7510,15.4624,15.2529,15.3840,15.5316,15.7217,15.7238,15.6883,15.4965,15.6062,15.6929,15.6218,15.6959,15.5748,15.5307,15.6629,15.5975,15.3608,15.6348,15.6296,15.6043,15.6330,15.8221,15.4821,15.6368,15.5786,15.6783,15.6136,15.6924,15.6433,15.6127,15.6067,15.6130,15.6039,15.3418,15.6542,15.6620,15.7703,15.5877,15.5975,15.3616,15.7548,15.5760,15.5496,15.4454,15.4747,15.7090,15.5764,15.6159,15.5845,15.6251,15.5835,15.7270,15.3299,15.7537,15.5060,15.6823,15.6166,15.6789,15.6830,15.8199,15.7363,15.5804,15.5989,15.6745,15.6054,15.6866,15.7209,15.6761,15.4934,15.6294,15.5838,15.8485,15.8742,15.6125,15.6193,15.6306,15.5909,15.629382,15.583850,828.365620
130,15.6123,15.8058,15.5753,15.3572,15.7509,15.7922,15.8557,15.6515,15.7090,15.5002,15.5230,15.4905,15.5515,15.5001,15.6018,15.6331,15.7803,15.3492,15.5585,15.6219,15.6297,15.5806,15.6280,15.5852,15.6674,15.6040,15.5730,15.6634,15.6571,15.6145,15.5999,15.5888,15.6084,15.5713,15.6732,15.5779,15.4838,15.7004,15.5878,15.2929,15.6359,15.6390,15.5967,15.6480,15.7275,15.5321,15.4310,15.7230,15.7075,15.6313,16.0429,15.9739,15.5936,15.6328,15.6228,15.5919,15.5352,15.6069,15.6679,15.8040,15.8193,15.5215,15.3818,15.7419,15.6003,15.5652,15.4363,15.4693,15.9727,15.5518,15.5215,15.5890,15.5830,15.5803,15.7312,15.3189,15.8141,15.4682,15.6725,15.6105,15.6658,15.6568,15.6767,15.6217,15.6010,15.5926,15.6685,15.6025,15.7141,15.7866,15.6585,15.5276,15.6294,15.5838,15.8681,15.9002,15.6166,15.6108,15.6540,15.7278,15.629382,15.583850,828.365620
132,15.6184,15.7267,15.6222,15.5539,15.7703,15.8254,15.7022,15.6056,15.6871,15.5231,15.5368,15.5026,15.1510,15.0692,15.5013,15.8126,15.7428,15.4075,15.5706,15.6153,15.6251,15.6265,15.8329,15.3805,15.4586,15.4932,15.5207,15.7371,15.8142,15.7882,15.5690,15.5940,15.7978,15.6844,15.6996,15.5743,15.5308,15.6628,15.6000,15.3787,15.6348,15.6297,15.5191,15.8002,15.7904,15.4989,15.5192,15.6611,15.6708,15.6090,15.6111,15.5666,15.6169,15.6009,15.6202,15.5951,15.3510,15.6520,15.6690,15.8100,15.7584,15.5415,15.6752,15.5546,15.5729,15.5476,15.4780,15.4940,15.7083,15.5765,15.5667,15.5868,15.5315,15.5763,15.6818,15.4474,15.7050,15.5365,15.6233,15.5801,15.6527,15.6306,15.8217,15.7377,15.5950,15.5945,15.6886,15.6121,15.7081,15.7723,15.6515,15.5411,15.6294,15.5838,15.6034,15.5494,15.6083,15.6282,15.6377,15.6323,15.629382,15.583850,828.365620
134,15.6043,15.9110,15.5701,15.3356,15.7427,15.7781,15.8585,15.6524,15.6918,15.5182,15.5333,15.4995,15.4623,15.4040,15.4930,15.8273,15.7967,15.3237,15.4881,15.6596,15.6247,15.6303,15.8045,15.4089,15.3402,15.4303,15.5957,15.6314,15.6796,15.6394,15.5235,15.6017,15.6842,15.6166,15.6668,15.5788,15.1658,15.9551,15.6079,15.4336,15.6328,15.6129,15.5652,15.7098,15.7876,15.5004,15.4102,15.7376,15.6785,15.6137,15.8281,15.7713,15.6073,15.6140,15.6202,15.5951,15.3185,15.6599,15.6768,15.8543,15.6598,15.5739,15.4293,15.7116,15.6224,15.5794,15.4345,15.4682,15.9198,15.5568,15.5525,15.5875,15.5961,15.5813,15.7706,15.2165,15.7691,15.4963,15.6867,15.6192,15.6419,15.6089,15.7051,15.6444,15.5989,15.5932,15.6395,15.5887,15.6610,15.6597,15.6626,15.5196,15.6294,15.5838,15.8294,15.8488,15.6101,15.6243,15.6457,15.6796,15.629382,15.583850,828.365620
136,15.6117,15.8140,15.5705,15.3374,15.8189,15.9089,15.8109,15.6381,15.7213,15.4872,15.6617,15.6122,15.3961,15.3329,15.5455,15.7337,15.8769,15.1991,15.5321,15.6360,15.6278,15.5999,15.7598,15.4536,15.4576,15.4927,15.5312,15.7223,15.7456,15.7124,15.5904,15.5904,15.8051,15.6888,15.6962,15.5748,15.3656,15.7951,15.5948,15.3421,15.6320,15.6056,15.5760,15.6885,15.8460,15.4695,15.4721,15.6942,15.6485,15.5955,15.8385,15.7811,15.5992,15.6251,15.6165,15.5996,15.0751,15.7195,15.6566,15.7395,15.8641,15.5068,15.4501,15.6983,15.6273,15.5825,15.4199,15.4595,15.6954,15.5777,15.5975,15.5854,15.5469,15.5775,15.6746,15.4663,15.7978,15.4783,15.7066,15.6315,15.6641,15.6535,15.6967,15.6377,15.5896,15.5961,15.6828,15.6093,15.7942,15.9786,15.6482,15.5473,15.6294,15.5838,15.7221,15.7067,15.6293,15.5839,15.6364,15.6252,15.629382,15.583850,828.365620
138,15.6289,15.5897,15.5593,15.2902,15.6733,15.6592,15.7293,15.6137,15.6514,15.5607,15.4957,15.4665,15.5583,15.5073,15.4533,15.8982,15.7513,15.3943,15.4991,15.6537,15.6261,15.6164,15.7824,15.4310,15.4844,15.5069,15.5182,15.7407,15.6609,15.6187,15.4990,15.6058,15.6700,15.6081,15.6391,15.5825,15.6129,15.5971,15.6034,15.4021,15.6471,15.7332,15.5068,15.8244,15.6116,15.5932,15.4687,15.6966,15.7293,15.6446,15.8796,15.8199,15.6009,15.6227,15.6176,15.5983,15.5971,15.5918,15.6478,15.6889,15.8146,15.5230,15.4461,15.7008,15.5885,15.5576,15.6492,15.5956,15.7040,15.5769,15.6018,15.5852,15.5990,15.5815,15.7390,15.2986,15.6828,15.5504,15.6014,15.5665,15.6564,15.6380,15.7389,15.6714,15.5708,15.6019,15.6700,15.6032,15.6636,15.6658,15.6640,15.5168,15.6294,15.5838,15.7847,15.7897,15.5955,15.6550,15.6360,15.6228,15.629382,15.583850,828.365620
140,15.6008,15.9562,15.6087,15.4972,15.7192,15.7379,15.8349,15.6453,15.7234,15.4850,15.5552,15.5188,15.2801,15.2080,15.6030,15.6310,15.6819,15.5021,15.5311,15.6365,15.6254,15.6235,15.7408,15.4726,15.3383,15.4293,15.5542,15.6898,15.7378,15.7038,15.4867,15.6079,15.7486,15.6550,15.7297,15.5703,15.2862,15.8586,15.5750,15.2034,15.6313,15.5998,15.5473,15.7448,15.7597,15.5150,15.3631,15.7706,15.6978,15.6254,15.7831,15.7288,15.5908,15.6366,15.6204,15.5949,15.3376,15.6552,15.6610,15.7642,15.7910,15.5308,15.3875,15.7382,15.6071,15.5695,15.3983,15.4467,15.9045,15.5582,15.5431,15.5879,15.5581,15.5783,15.7466,15.2790,15.7853,15.4862,15.7472,15.6566,15.6636,15.6523,15.8024,15.7222,15.5983,15.5934,15.6679,15.6022,15.6146,15.5484,15.6447,15.5541,15.6294,15.5838,15.8733,15.9070,15.6164,15.6111,15.6440,15.6694,15.629382,15.583850,828.365620
142,15.6249,15.6424,15.5801,15.3776,15.8410,15.9467,15.7235,15.6120,15.7007,15.5089,15.5400,15.5054,15.4694,15.4117,15.5479,15.7293,15.8084,15.3055,15.5469,15.6281,15.6272,15.6056,15.8060,15.4074,15.5543,15.5440,15.6225,15.5935,15.7367,15.7025,15.5861,15.5911,15.7798,15.6737,15.6814,15.5768,15.5050,15.6835,15.6356,15.6274,15.6429,15.6976,15.5411,15.7570,15.7897,15.4992,15.4902,15.6815,15.6627,15.6041,15.8987,15.8379,15.6187,15.5984,15.6270,15.5868,15.1182,15.7090,15.6975,15.9727,15.8096,15.5247,15.4757,15.6820,15.6473,15.5954,15.4299,15.4654,15.7213,15.5753,15.4618,15.5918,15.5701,15.5793,15.6239,15.5981,15.7982,15.4781,15.6558,15.6001,15.6748,15.6747,15.7153,15.6526,15.5833,15.5980,15.6659,15.6013,15.6969,15.7457,15.6545,15.5351,15.6294,15.5838,15.7042,15.6830,15.6254,15.5923,15.6276,15.5731,15.629382,15.583850,828.365620
144,15.6258,15.6311,15.5917,15.4261,15.8494,15.9612,15.7480,15.6193,15.6715,15.5396,15.5702,15.5319,15.6616,15.6186,15.4824,15.8464,15.8358,15.2629,15.4584,15.6755,15.6263,15.6147,15.7797,15.4337,15.4205,15.4730,15.5248,15.7314,15.6531,15.6101,15.5198,15.6023,15.7304,15.6442,15.6113,15.5863,15.3594,15.8000,15.6073,15.4292,15.6316,15.6029,15.5534,15.7329,15.7371,15.5270,15.3451,15.7832,15.6832,15.6166,15.8749,15.8154,15.5823,15.6481,15.6182,15.5975,15.3157,15.6606,15.6427,15.6598,15.7548,15.5427,15.5199,15.6537,15.5572,15.5375,15.6170,15.5765,15.8428,15.5639,15.5974,15.5854,15.6228,15.5833,15.7557,15.2553,15.7024,15.5381,15.6549,15.5996,15.6640,15.6532,15.7028,15.6426,15.5657,15.6035,15.6897,15.6126,15.6481,15.6287,15.6255,15.5914,15.6294,15.5838,15.7990,15.8085,15.6098,15.6249,15.6600,15.7632,15.629382,15.583850,828.365620
146,15.6102,15.8344,15.6133,15.5164,15.6774,15.6661,15.7649,15.6244,15.6574,15.5544,15.6139,15.5702,15.2832,15.2114,15.5785,15.6748,15.7844,15.3428,15.4999,15.6532,15.6245,15.6325,15.7699,15.4435,15.6323,15.5854,15.5798,15.6537,15.7477,15.7147,15.5987,15.5890,15.7124,15.6334,15.7688,15.5650,15.3162,15.8346,15.5672,15.1488,15.6424,15.6938,15.5763,15.6880,15.7886,15.4998,15.3520,15.7784,15.6431,15.5922,15.8161,15.7600,15.6078,15.6134,15.6225,15.5922,15.0126,15.7348,15.6938,15.9516,15.7888,15.5315,15.4243,15.7148,15.6144,15.5742,15.4209,15.4601,15.7444,15.5731,15.4991,15.5900,15.5664,15.5790,15.7217,15.3436,15.7583,15.5031,15.7213,15.6406,15.6488,15.6228,15.7011,15.6413,15.5897,15.5961,15.6491,15.5933,15.7822,15.9498,15.6721,15.5011,15.6294,15.5838,15.6283,15.5824,15.6250,15.5930,15.6465,15.6838,15.629382,15.583850,828.365620
148,15.6240,15.6536,15.5584,15.2865,15.7672,15.8202,15.6866,15.6010,15.7085,15.5006,15.4416,15.4190,15.3292,15.2608,15.4824,15.8462,15.6948,15.4821,15.6272,15.5850,15.6274,15.6034,15.6290,15.5842,15.3212,15.4202,15.5703,15.6672,15.6913,15.6523,15.5866,15.5910,15.7307,15.6443,15.6719,15.5781,15.4530,15.7251,15.6122,15.4635,15.6414,15.6850,15.5670,15.7063,15.7326,15.5294,15.5949,15.6081,15.7194,15.6386,15.8732,15.8139,15.5907,15.6367,15.6212,15.5939,15.2381,15.6796,15.6630,15.7758,15.9426,15.4810,15.4889,15.6735,15.5703,15.5460,15.5662,15.5463,15.8636,15.5620,15.5316,15.5885,15.5496,15.5777,15.7381,15.3011,15.8140,15.4682,15.6191,15.5775,15.6573,15.6397,15.7672,15.6941,15.6006,15.5927,15.6700,15.6032,15.6931,15.7366,15.6308,15.5811,15.6294,15.5838,15.9427,15.9989,15.6026,15.6401,15.6405,15.6488,15.629382,15.583850,828.365620
150,15.6122,15.8083,15.6136,15.5178,15.7349,15.7648,15.7799,15.6289,15.6944,15.5155,15.6293,15.5838,15.4802,15.4234,15.5868,15.6599,15.9177,15.1355,15.4357,15.6876,15.6275,15.6025,15.8917,15.3218,15.5557,15.5447,15.5449,15.7030,15.6106,15.5630,15.4876,15.6077,15.6563,15.5999,15.7231,15.5712,15.4513,15.7265,15.6072,15.4284,15.6340,15.6229,15.5739,15.6927,15.6939,15.5498,15.4373,15.7186,15.7066,15.6308,15.7177,15.6671,15.6175,15.6000,15.6214,15.5936,15.4174,15.6357,15.6615,15.7674,15.8854,15.4998,15.4344,15.7083,15.5867,15.5564,15.4441,15.4739,15.8235,15.5657,15.5752,15.5864,15.6280,15.5837,15.7166,15.3570,15.6850,15.5490,15.6836,15.6173,15.6759,15.6770,15.7856,15.7088,15.6021,15.5923,15.6744,15.6053,15.6668,15.6735,15.6652,15.5145,15.6294,15.5838,15.6503,15.6116,15.6179,15.6079,15.6470,15.6871,15.629382,15.583850,828.365620
152,15.6184,15.7266,15.5874,15.4082,15.7600,15.8078,15.6895,15.6018,15.7106,15.4985,15.5428,15.5079,15.3850,15.3210,15.5613,15.7055,15.7514,15.3942,15.4720,15.6682,15.6269,15.6085,15.6611,15.5522,15.3005,15.4092,15.5772,15.6575,15.7537,15.7214,15.4623,15.6120,15.8195,15.6974,15.7477,15.5678,15.3769,15.7861,15.5842,15.2676,15.6383,15.6586,15.5648,15.7105,15.8616,15.4613,15.4388,15.7175,15.6903,15.6209,15.8751,15.8156,15.5797,15.6517,15.6259,15.5881,15.2906,15.6668,15.6574,15.7439,15.7057,15.5588,15.5643,15.6254,15.5983,15.5639,15.4924,15.5026,15.7963,15.5683,15.6044,15.5850,15.5409,15.5770,15.7116,15.3700,15.8142,15.4681,15.6434,15.5925,15.6863,15.6979,15.6087,15.5673,15.5946,15.5946,15.6834,15.6096,15.7868,15.9607,15.6357,15.5716,15.6294,15.5838,15.7295,15.7165,15.6199,15.6037,15.6510,15.7106,15.629382,15.583850,828.365620
154,15.6138,15.7864,15.5966,15.4464,15.7800,15.8421,15.8535,15.6509,15.6317,15.5814,15.5716,15.5332,15.3763,15.3116,15.4862,15.8395,15.8246,15.2803,15.5548,15.6238,15.6248,15.6288,15.6403,15.5730,15.5853,15.5604,15.5819,15.6508,15.7079,15.6707,15.5763,15.5928,15.6661,15.6058,15.7059,15.5735,15.4228,15.7493,15.6121,15.4629,15.6366,15.6450,15.5484,15.7427,15.6474,15.5743,15.3982,15.7460,15.6303,15.5844,15.9830,15.9174,15.5983,15.6263,15.6164,15.5998,15.4230,15.6343,15.6459,15.6783,15.8375,15.5155,15.3943,15.7339,15.6008,15.5655,15.4729,15.4910,15.7381,15.5737,15.5971,15.5854,15.6290,15.5838,15.7280,15.3272,15.8793,15.4273,15.7068,15.6317,15.6758,15.6769,15.8460,15.7571,15.6163,15.5879,15.6751,15.6057,15.6267,15.5774,15.6580,15.5285,15.6294,15.5838,15.8062,15.8181,15.6192,15.6052,15.6435,15.6664,15.629382,15.583850,828.365620
156,15.6159,15.7589,15.5657,15.3174,15.7438,15.7801,15.7307,15.6141,15.6736,15.5373,15.5813,15.5416,15.5883,15.5396,15.5519,15.7222,15.8600,15.2253,15.5590,15.6216,15.6277,15.6002,15.7382,15.4751,15.2757,15.3961,15.5496,15.6964,15.7529,15.7205,15.6702,15.5770,15.6560,15.5997,15.6624,15.5794,15.4665,15.7143,15.5980,15.3641,15.6380,15.6567,15.5969,15.6476,15.7640,15.5128,15.6124,15.5958,15.6807,15.6150,15.6929,15.6437,15.6157,15.6025,15.6163,15.5999,15.2437,15.6782,15.6849,15.9009,15.8349,15.5163,15.5995,15.6029,15.6008,15.5655,15.5373,15.5292,15.8542,15.5629,15.5772,15.5863,15.6317,15.5840,15.7192,15.3501,15.6369,15.5791,15.6536,15.5988,15.6316,15.5883,15.6752,15.6205,15.6036,15.5918,15.6537,15.5955,15.7236,15.8095,15.6504,15.5431,15.6294,15.5838,15.7648,15.7632,15.6073,15.6303,15.6414,15.6543,15.629382,15.583850,828.365620
158,15.6059,15.8903,15.6034,15.4751,15.7579,15.8043,15.7704,15.6260,15.6379,15.5749,15.6155,15.5717,15.3367,15.2690,15.5193,15.7804,15.8419,15.2534,15.4968,15.6549,15.6254,15.6227,15.6989,15.5144,15.2703,15.3932,15.5840,15.6478,15.6640,15.6222,15.4612,15.6121,15.8203,15.6978,15.6841,15.5764,15.2483,15.8890,15.6079,15.4335,15.6360,15.6399,15.5539,15.7319,15.8195,15.4835,15.5084,15.6687,15.7579,15.6620,15.9638,15.8993,15.5914,15.6358,15.6222,15.5926,15.3199,15.6596,15.7083,16.0345,15.6555,15.5753,15.4753,15.6822,15.5808,15.5527,15.3976,15.4463,15.8560,15.5627,15.5065,15.5897,15.5242,15.5757,15.6553,15.5164,15.6864,15.5482,15.6705,15.6093,15.6834,15.6920,15.8102,15.7285,15.6009,15.5926,15.6439,15.5908,15.6764,15.6964,15.6306,15.5815,15.6294,15.5838,15.8462,15.8711,15.6173,15.6092,15.6463,15.6828,15.629382,15.583850,828.365620
160,15.6105,15.8294,15.5994,15.4584,15.6252,15.5768,15.7800,15.6289,15.7178,15.4909,15.5600,15.5230,15.2266,15.1505,15.5804,15.6713,15.6381,15.5703,15.5082,15.6488,15.6244,15.6330,15.7313,15.4821,15.4926,15.5113,15.5755,15.6598,15.6718,15.6307,15.5681,15.5942,15.6154,15.5755,15.7092,15.5730,15.4205,15.7511,15.6044,15.4090,15.6349,15.6306,15.5621,15.7159,15.7049,15.5440,15.5383,15.6478,15.6546,15.5992,15.6361,15.5902,15.6088,15.6120,15.6243,15.5901,15.3022,15.6639,15.6267,15.5684,15.7765,15.5355,15.3364,15.7709,15.6128,15.5732,15.5968,15.5645,15.7122,15.5761,15.6024,15.5851,15.5609,15.5786,15.7432,15.2878,15.8071,15.4725,15.6904,15.6216,15.6547,15.6347,15.7522,15.6821,15.5760,15.6003,15.6961,15.6157,15.6762,15.6960,15.6589,15.5266,15.6294,15.5838,15.7087,15.6889,15.6030,15.6394,15.6464,15.6836,15.629382,15.583850,828.365620
162,15.6250,15.6416,15.5922,15.4282,15.7696,15.8243,15.7270,15.6130,15.6978,15.5119,15.5782,15.5389,15.4599,15.4015,15.5415,15.7408,15.8319,15.2690,15.4848,15.6613,15.6274,15.6030,15.7578,15.4555,15.3758,15.4492,15.5404,15.7093,15.6637,15.6218,15.5444,15.5982,15.7265,15.6418,15.7394,15.5689,15.5088,15.6804,15.6251,15.5539,15.6420,15.6900,15.5214,15.7957,15.7894,15.4994,15.4911,15.6808,15.6417,15.5914,15.8524,15.7942,15.6071,15.6144,15.6215,15.5935,15.4276,15.6332,15.6820,15.8840,15.8107,15.5243,15.4138,15.7215,15.6101,15.5715,15.5178,15.5176,15.7513,15.5725,15.6162,15.5845,15.6478,15.5853,15.6979,15.4057,15.6858,15.5485,15.6413,15.5912,15.6638,15.6527,15.6883,15.6310,15.5947,15.5945,15.6529,15.5951,15.6969,15.7456,15.6406,15.5621,15.6294,15.5838,15.8427,15.8665,15.6255,15.5920,15.6333,15.6068,15.629382,15.583850,828.365620
164,15.6053,15.8978,15.5971,15.4486,15.7108,15.7235,15.8270,15.6429,15.7118,15.4972,15.5593,15.5224,15.4952,15.4395,15.5434,15.7374,15.7092,15.4598,15.5793,15.6107,15.6248,15.6294,15.7260,15.4874,15.4844,15.5069,15.5991,15.6265,15.7134,15.6768,15.4894,15.6074,15.7945,15.6824,15.7069,15.5733,15.3428,15.8133,15.5731,15.1899,15.6291,15.5815,15.6109,15.6202,15.8704,15.4567,15.4680,15.6971,15.7474,15.6556,15.7765,15.7226,15.6023,15.6209,15.6184,15.5973,15.3834,15.6440,15.6637,15.7796,15.6872,15.5649,15.4168,15.7195,15.5514,15.5338,15.3941,15.4442,15.8823,15.5603,15.5211,15.5890,15.5119,15.5748,15.6909,15.4237,15.7252,15.5238,15.7038,15.6298,15.6495,15.6242,15.7253,15.6606,15.5748,15.6007,15.6994,15.6172,15.6970,15.7458,15.6569,15.5306,15.6294,15.5838,15.7371,15.7265,15.6073,15.6303,15.6354,15.6190,15.629382,15.583850,828.365620
166,15.6152,15.7689,15.6003,15.4620,15.7559,15.8009,15.7289,15.6136,15.6619,15.5497,15.5556,15.5191,15.5863,15.5375,15.4811,15.8486,15.6081,15.6169,15.5358,15.6340,15.6269,15.6081,15.7109,15.5024,15.4851,15.5073,15.5324,15.7206,15.6721,15.6311,15.5195,15.6023,15.7458,15.6534,15.7226,15.5712,15.3600,15.7996,15.5921,15.3230,15.6328,15.6124,15.5553,15.7293,15.7995,15.4940,15.3089,15.8087,15.6485,15.5955,15.6522,15.6054,15.6170,15.6008,15.6258,15.5882,15.2721,15.6713,15.6344,15.6126,15.8819,15.5009,15.6011,15.6019,15.6173,15.5761,15.7039,15.6281,15.6639,15.5806,15.5321,15.5885,15.5457,15.5774,15.7196,15.3492,15.8066,15.4728,15.6478,15.5952,15.6659,15.6570,15.7133,15.6510,15.6134,15.5888,15.6532,15.5952,15.7929,15.9753,15.6459,15.5518,15.6294,15.5838,15.8814,15.9177,15.6093,15.6261,15.6537,15.7262,15.629382,15.583850,828.365620
168,15.6273,15.6110,15.5635,15.3082,15.7015,15.7075,15.8029,15.6357,15.7009,15.5086,15.5823,15.5425,15.2224,15.1460,15.5672,15.6949,15.8645,15.2183,15.3765,15.7194,15.6298,15.5801,15.6630,15.5503,15.5047,15.5177,15.5655,15.6739,15.6249,15.5789,15.5692,15.5940,15.6230,15.5800,15.7412,15.5687,15.4811,15.7026,15.6078,15.4330,15.6343,15.6254,15.5875,15.6660,15.8342,15.4757,15.5256,15.6567,15.6668,15.6066,15.8864,15.8262,15.6021,15.6212,15.6164,15.5998,15.3723,15.6468,15.6753,15.8459,15.7785,15.5349,15.3517,15.7611,15.6430,15.5926,15.4351,15.4686,15.8288,15.5653,15.6184,15.5844,15.6065,15.5821,15.6678,15.4838,15.7581,15.5033,15.6894,15.6209,15.6722,15.6697,15.7677,15.6945,15.5649,15.6037,15.6859,15.6108,15.6689,15.6786,15.6347,15.5735,15.6294,15.5838,15.9039,15.9476,15.6236,15.5960,15.6433,15.6651,15.629382,15.583850,828.365620
170,15.6110,15.8235,15.5613,15.2987,15.7908,15.8607,15.7940,15.6331,15.6812,15.5293,15.5937,15.5525,15.4377,15.3776,15.5148,15.7884,15.8549,15.2333,15.5772,15.6118,15.6245,15.6322,15.6583,15.5549,15.4578,15.4928,15.5219,15.7354,15.8075,15.7809,15.6237,15.5848,15.7545,15.6585,15.6802,15.5770,15.5276,15.6654,15.5998,15.3770,15.6346,15.6280,15.5843,15.6723,15.7053,15.5438,15.3975,15.7465,15.6876,15.6192,15.7145,15.6642,15.5968,15.6283,15.6230,15.5916,15.4672,15.6235,15.6393,15.6403,15.8613,15.5077,15.5062,15.6625,15.5723,15.5472,15.5188,15.5182,15.9006,15.5586,15.4940,15.5903,15.5651,15.5789,15.7683,15.2225,15.6326,15.5818,15.6503,15.5968,15.6640,15.6531,15.7327,15.6665,15.5799,15.5991,15.6733,15.6048,15.7190,15.7984,15.6475,15.5487,15.6294,15.5838,15.6470,15.6072,15.6187,15.6062,15.6283,15.5777,15.629382,15.583850,828.365620
172,15.6082,15.8599,15.5961,15.4446,15.7338,15.7629,15.7202,15.6110,15.7272,15.4810,15.5575,15.5208,15.3552,15.2888,15.5302,15.7609,15.7661,15.3713,15.4464,15.6819,15.6258,15.6188,15.6839,15.5293,15.5481,15.5407,15.5854,15.6459,15.6888,15.6496,15.4962,15.6063,15.7328,15.6456,15.7046,15.5737,15.3060,15.8428,15.6224,15.5349,15.6472,15.7339,15.6016,15.6383,15.8061,15.4906,15.5346,15.6503,15.7016,15.6278,15.9735,15.9085,15.6172,15.6006,15.6236,15.5910,15.3549,15.6510,15.6675,15.8015,15.8206,15.5210,15.5556,15.6309,15.6110,15.5720,15.3446,15.4148,15.8702,15.5614,15.4662,15.5916,15.6123,15.5825,15.6104,15.6331,15.6896,15.5461,15.6530,15.5984,15.6572,15.6396,15.7713,15.6974,15.6127,15.5890,15.7045,15.6197,15.7425,15.8548,15.6517,15.5406,15.6294,15.5838,15.7887,15.7949,15.6185,15.6067,15.6518,15.7148,15.629382,15.583850,828.365620
174,15.6082,15.8600,15.5989,15.4561,15.7141,15.7291,15.7737,15.6270,15.7326,15.4753,15.5636,15.5261,15.5225,15.4689,15.5042,15.8075,15.8005,15.3178,15.4940,15.6564,15.6301,15.5763,15.8461,15.3674,15.4612,15.4946,15.5473,15.6995,15.5925,15.5430,15.5744,15.5931,15.7292,15.6434,15.6719,15.5781,15.6247,15.5876,15.5795,15.2352,15.6383,15.6588,15.6161,15.6098,15.7597,15.5151,15.5422,15.6450,15.6639,15.6049,15.9500,15.8863,15.5962,15.6291,15.6155,15.6009,15.3289,15.6574,15.6476,15.6877,15.7842,15.5330,15.3401,15.7685,15.5807,15.5526,15.5235,15.5210,15.8709,15.5613,15.5556,15.5873,15.6356,15.5843,15.7054,15.3862,15.7298,15.5210,15.6485,15.5957,15.6477,15.6205,15.7329,15.6667,15.5758,15.6004,15.6467,15.5921,15.6929,15.7359,15.6494,15.5451,15.6294,15.5838,15.8133,15.8275,15.6165,15.6108,15.6471,15.6873,15.629382,15.583850,828.365620
176,15.6165,15.7521,15.5757,15.3592,15.7289,15.7545,15.7550,15.6214,15.6713,15.5398,15.6256,15.5805,15.2364,15.1611,15.4665,15.8747,15.6959,15.4805,15.5273,15.6386,15.6237,15.6399,15.7116,15.5018,15.5026,15.5166,15.6135,15.6062,15.7500,15.7173,15.5168,15.6028,15.7023,15.6274,15.7346,15.5696,15.3694,15.7921,15.6202,15.5194,15.6296,15.5854,15.5304,15.7780,15.6574,15.5690,15.4723,15.6941,15.7512,15.6579,15.8808,15.8210,15.6009,15.6227,15.6264,15.5875,15.2318,15.6811,15.6533,15.7207,15.7898,15.5312,15.5218,15.6525,15.5858,15.5558,15.4051,15.4507,15.8460,15.5636,15.5682,15.5867,15.5258,15.5759,15.7119,15.3691,15.6389,15.5779,15.6726,15.6106,15.6776,15.6805,15.7466,15.6776,15.5763,15.6002,15.6795,15.6077,15.7325,15.8309,15.6553,15.5337,15.6294,15.5838,15.9256,15.9763,15.6251,15.5928,15.6347,15.6149,15.629382,15.583850,828.365620
178,15.6230,15.6668,15.6124,15.5127,15.8128,15.8984,15.8612,15.6532,15.6608,15.5508,15.4970,15.4677,15.5365,15.4840,15.4119,15.9723,15.9483,15.0879,15.5687,15.6164,15.6281,15.5962,15.6962,15.5172,15.2861,15.4016,15.5436,15.7048,15.6613,15.6192,15.6184,15.5857,15.8458,15.7130,15.7378,15.5692,15.5615,15.6382,15.5853,15.2754,15.6426,15.6955,15.5621,15.7159,15.7908,15.4986,15.4829,15.6866,15.7248,15.6418,15.7651,15.7118,15.6257,15.5889,15.6228,15.5919,15.4234,15.6343,15.6517,15.7113,15.7534,15.5431,15.4069,15.7259,15.6247,15.5809,15.5910,15.5611,15.8275,15.5654,15.4784,15.5910,15.6219,15.5833,15.7809,15.1896,15.7954,15.4799,15.6483,15.5955,15.6524,15.6300,15.8005,15.7207,15.6368,15.5816,15.6391,15.5885,15.6697,15.6805,15.6538,15.5365,15.6294,15.5838,15.8262,15.8446,15.6150,15.6140,15.6304,15.5899,15.629382,15.583850,828.365620
180,15.6010,15.9542,15.5931,15.4321,15.6958,15.6977,15.8328,15.6447,15.6593,15.5524,15.4989,15.4693,15.6002,15.5524,15.4721,15.8648,15.6404,15.5667,15.5035,15.6513,15.6284,15.5937,15.7034,15.5100,15.6440,15.5916,15.5638,15.6763,15.7060,15.6686,15.5551,15.5963,15.7121,15.6332,15.6904,15.5756,15.4582,15.7209,15.6095,15.4450,15.6382,15.6577,15.5311,15.7767,15.6880,15.5529,15.4038,15.7421,15.6865,15.6186,15.8119,15.7560,15.5910,15.6362,15.6156,15.6007,15.5306,15.6080,15.6554,15.7326,15.7475,15.5451,15.3533,15.7601,15.5713,15.5466,15.4455,15.4747,15.6658,15.5805,15.5887,15.5858,15.5625,15.5787,15.6450,15.5433,15.7569,15.5040,15.6816,15.6161,15.6609,15.6469,15.7746,15.7000,15.5835,15.5980,15.6947,15.6150,15.6517,15.6372,15.6529,15.5383,15.6294,15.5838,15.8026,15.8133,15.6186,15.6065,15.6621,15.7757,15.629382,15.583850,828.365620
182,15.6271,15.6135,15.5620,15.3018,15.7010,15.7066,15.6855,15.6006,15.7054,15.5039,15.6065,15.5638,15.3325,15.2644,15.5666,15.6960,15.6830,15.5004,15.4501,15.6800,15.6250,15.6274,15.7196,15.4937,15.2329,15.3733,15.5647,15.6750,15.6644,15.6226,15.5497,15.5973,15.6654,15.6053,15.6921,15.5753,15.3022,15.8459,15.6109,15.4547,15.6387,15.6624,15.5647,15.7108,15.7000,15.5466,15.3550,15.7764,15.6907,15.6211,15.8519,15.7937,15.6087,15.6121,15.6221,15.5927,15.3685,15.6477,15.6379,15.6323,15.7140,15.5560,15.5581,15.6293,15.5750,15.5489,15.5635,15.5447,15.9289,15.5559,15.5499,15.5876,15.6129,15.5826,15.7226,15.3413,15.7604,15.5018,15.6279,15.5829,15.6471,15.6194,15.8386,15.7513,15.5910,15.5957,15.6629,15.5998,15.7502,15.8731,15.6500,15.5440,15.6294,15.5838,15.7705,15.7708,15.6141,15.6160,15.6285,15.5786,15.629382,15.583850,828.365620
184,15.6075,15.8692,15.6280,15.5780,15.8851,16.0223,15.7501,15.6200,15.6750,15.5359,15.5583,15.5215,15.6241,15.5782,15.4812,15.8484,15.7721,15.3619,15.5853,15.6075,15.6259,15.6184,15.7637,15.4497,15.2770,15.3967,15.6118,15.6086,15.6690,15.6277,15.4922,15.6069,15.8549,15.7185,15.7107,15.5728,15.4927,15.6933,15.6091,15.4419,15.6303,15.5914,15.5344,15.7702,15.7782,15.5053,15.5606,15.6321,15.7692,15.6689,15.7591,15.7062,15.6098,15.6107,15.6252,15.5890,15.2283,15.6820,15.6571,15.7422,15.8991,15.4953,15.4456,15.7012,15.6016,15.5660,15.5485,15.5358,15.8362,15.5646,15.5113,15.5894,15.6365,15.5844,15.6487,15.5336,15.7478,15.5097,15.7011,15.6281,15.6629,15.6510,15.6594,15.6079,15.6360,15.5818,15.6547,15.5959,15.6803,15.7057,15.6481,15.5475,15.6294,15.5838,15.7990,15.8085,15.6109,15.6227,15.6440,15.6695,15.629382,15.583850,828.365620
186,15.6133,15.7937,15.6002,15.4615,15.6822,15.6744,15.6722,15.5966,15.6348,15.5781,15.5687,15.5306,15.6284,15.5828,15.5330,15.7560,15.8770,15.1988,15.5859,15.6072,15.6229,15.6478,15.7668,15.4466,15.5847,15.5601,15.5548,15.6890,15.7005,15.6626,15.5454,15.5980,15.6181,15.5771,15.7606,15.5661,15.3914,15.7744,15.6042,15.4079,15.6433,15.7011,15.5288,15.7813,15.6663,15.5643,15.3519,15.7785,15.6613,15.6032,15.8322,15.7752,15.5877,15.6408,15.6212,15.5939,15.2649,15.6730,15.6691,15.8108,15.8893,15.4985,15.4185,15.7185,15.6065,15.5692,15.6281,15.5831,15.5047,15.5955,15.5540,15.5874,15.5509,15.5778,15.7224,15.3419,15.7308,15.5203,15.6479,15.5953,15.6760,15.6772,15.8111,15.7292,15.6149,15.5883,15.6913,15.6134,15.7353,15.8374,15.6515,15.5410,15.6294,15.5838,15.8739,15.9078,15.6194,15.6047,15.6397,15.6441,15.629382,15.583850,828.365620
188,15.6013,15.9501,15.5956,15.4426,15.8156,15.9031,15.8390,15.6465,15.6588,15.5529,15.5684,15.5304,15.4903,15.4343,15.5428,15.7384,15.6575,15.5402,15.5210,15.6419,15.6256,15.6212,15.7972,15.4162,15.2271,15.3703,15.5546,15.6893,15.7507,15.7180,15.5077,15.6043,15.7233,15.6399,15.7726,15.5645,15.3737,15.7886,15.6080,15.4340,15.6324,15.6097,15.5902,15.6607,15.7530,15.5186,15.5963,15.6071,15.7108,15.6333,15.8899,15.8296,15.6146,15.6040,15.6249,15.5894,15.3520,15.6517,15.6660,15.7927,15.6818,15.5666,15.5197,15.6538,15.5956,15.5622,15.4482,15.4763,15.9313,15.5557,15.5211,15.5890,15.6218,15.5833,15.7148,15.3617,15.7349,15.5178,15.6437,15.5927,15.6477,15.6205,15.6950,15.6364,15.6065,15.5909,15.6504,15.5939,15.7796,15.9435,15.6675,15.5101,15.6294,15.5838,15.7950,15.8032,15.6290,15.5847,15.6374,15.6309,15.629382,15.583850,828.365620
190,15.6055,15.8954,15.6112,15.5078,15.8443,15.9524,15.6589,15.5927,15.6630,15.5485,15.5243,15.4916,15.2635,15.1902,15.4803,15.8501,15.8387,15.2584,15.3949,15.7095,15.6260,15.6171,15.6774,15.5359,15.6171,15.5773,15.5508,15.6946,15.6222,15.5759,15.5357,15.5996,15.7645,15.6645,15.6771,15.5774,15.3602,15.7994,15.6023,15.3942,15.6382,15.6580,15.5429,15.7535,15.7350,15.5281,15.5865,15.6139,15.7019,15.6279,15.7799,15.7258,15.6293,15.5840,15.6272,15.5865,15.4698,15.6229,15.6567,15.7396,15.8632,15.5071,15.3531,15.7602,15.5726,15.5474,15.4294,15.4652,15.8094,15.5671,15.5499,15.5876,15.5468,15.5775,15.7546,15.2582,15.6950,15.5428,15.6917,15.6224,15.6567,15.6386,15.7569,15.6858,15.6037,15.5918,15.6351,15.5866,15.7115,15.7804,15.6581,15.5284,15.6294,15.5838,15.8406,15.8637,15.6104,15.6237,15.6372,15.6295,15.629382,15.583850,828.365620
192,15.6283,15.5975,15.5745,15.3541,15.6784,15.6679,15.9365,15.6757,15.7109,15.4981,15.6165,15.5726,15.5760,15.5264,15.5786,15.6745,15.6854,15.4968,15.5800,15.6103,15.6269,15.6086,15.7392,15.4742,15.3682,15.4452,15.5540,15.6901,15.7098,15.6728,15.5352,15.5997,15.6805,15.6144,15.7512,15.5673,15.4112,15.7586,15.5808,15.2443,15.6325,15.6104,15.5541,15.7316,15.7911,15.4985,15.2158,15.8740,15.6657,15.6059,15.7294,15.6782,15.5949,15.6310,15.6163,15.5999,15.2511,15.6764,15.6647,15.7856,15.6713,15.5701,15.5520,15.6332,15.6093,15.5710,15.4532,15.4793,15.8177,15.5663,15.5819,15.5861,15.5824,15.5802,15.6482,15.5349,15.8123,15.4693,15.6847,15.6180,15.6668,15.6588,15.6853,15.6286,15.6068,15.5908,15.7016,15.6183,15.7182,15.7966,15.6381,15.5669,15.6294,15.5838,15.7506,15.7445,15.6155,15.6130,15.6481,15.6933,15.629382,15.583850,828.365620
194,15.6061,15.8867,15.6178,15.5353,15.8275,15.9236,15.6740,15.5972,15.6848,15.5256,15.5684,15.5303,15.2167,15.1398,15.4992,15.8163,15.8066,15.3082,15.5537,15.6244,15.6263,15.6144,15.6922,15.5211,15.5587,15.5463,15.5739,15.6621,15.6932,15.6545,15.5613,15.5953,15.7923,15.6811,15.6550,15.5804,15.4234,15.7488,15.6048,15.4119,15.6390,15.6650,15.5712,15.6981,15.7825,15.5030,15.6223,15.5888,15.6637,15.6047,15.8345,15.7773,15.5912,15.6360,15.6265,15.5873,15.2176,15.6846,15.6680,15.8044,16.0363,15.4502,15.3481,15.7634,15.5810,15.5528,15.4570,15.4816,15.8026,15.5677,15.5681,15.5868,15.5980,15.5814,15.7061,15.3842,15.8302,15.4581,15.6428,15.5921,15.6629,15.6510,15.8017,15.7217,15.6000,15.5929,15.6585,15.5977,15.7356,15.8383,15.6466,15.5506,15.6294,15.5838,15.7023,15.6804,15.6007,15.6440,15.6434,15.6662,15.629382,15.583850,828.365620
196,15.6148,15.7735,15.5925,15.4293,15.7247,15.7472,15.7046,15.6063,15.6973,15.5124,15.4711,15.4450,15.4255,15.3645,15.5487,15.7279,15.6791,15.5065,15.5653,15.6182,15.6254,15.6232,15.7811,15.4324,15.3792,15.4510,15.5426,15.7062,15.6890,15.6498,15.5833,15.5916,15.7520,15.6570,15.6612,15.5795,15.4308,15.7429,15.5874,15.2899,15.6336,15.6191,15.5603,15.7194,15.7178,15.5372,15.2910,15.8212,15.7405,15.6514,15.8259,15.7692,15.6120,15.6076,15.6319,15.5808,15.4964,15.6164,15.6668,15.7974,15.6359,15.5817,15.5106,15.6597,15.5931,15.5606,15.5230,15.5207,15.9050,15.5581,15.5018,15.5899,15.5574,15.5783,15.7963,15.1497,15.6616,15.5637,15.6626,15.6044,15.6928,15.7109,15.7899,15.7123,15.5853,15.5974,15.6642,15.6005,15.6598,15.6566,15.6512,15.5416,15.6294,15.5838,15.6245,15.5774,15.6263,15.5904,15.6357,15.6209,15.629382,15.583850,828.365620
198,15.6087,15.8527,15.5915,15.4255,15.7739,15.8317,15.8650,15.6543,15.6572,15.5546,15.5768,15.5377,15.3946,15.3313,15.5501,15.7254,15.7627,15.3765,15.4423,15.6841,15.6251,15.6258,15.8405,15.3730,15.4352,15.4807,15.5597,15.6821,15.7218,15.6861,15.5473,15.5977,15.7748,15.6707,15.7217,15.5713,15.4011,15.7666,15.5697,15.1664,15.6369,15.6470,15.5573,15.7252,15.5865,15.6065,15.3069,15.8100,15.7328,15.6467,15.7803,15.7262,15.5985,15.6261,15.6219,15.5931,15.2284,15.6820,15.6331,15.6049,15.7674,15.5385,15.3889,15.7373,15.6004,15.5653,15.5180,15.5177,15.7197,15.5754,15.6611,15.5823,15.6336,15.5842,15.7021,15.3947,15.8194,15.4648,15.6967,15.6254,15.6662,15.6575,15.7481,15.6788,15.6137,15.5887,15.6734,15.6049,15.6871,15.7220,15.6536,15.5371,15.6294,15.5838,15.8932,15.9334,15.6067,15.6316,15.6450,15.6755,15.629382,15.583850,828.365620
199,15.6117,15.8148,15.5784,15.3703,15.8092,15.8923,15.8540,15.6510,15.6628,15.5487,15.5941,15.5529,15.4090,15.3468,15.5265,15.7676,15.7078,15.4620,15.4702,15.6692,15.6259,15.6182,15.8499,15.3636,15.2169,15.3649,15.5666,15.6724,15.7324,15.6978,15.5153,15.6030,15.6931,15.6219,15.7020,15.5740,15.3977,15.7694,15.6133,15.4715,15.6304,15.5923,15.5476,15.7442,15.7787,15.5051,15.3813,15.7579,15.6894,15.6204,15.8717,15.8124,15.6064,15.6152,15.6276,15.5860,15.0757,15.7193,15.6830,15.8899,15.7477,15.5450,15.5270,15.6492,15.6091,15.5708,15.4956,15.5044,15.7602,15.5716,15.5242,15.5888,15.5693,15.5792,15.7237,15.3385,15.7662,15.4982,15.6625,15.6043,15.6723,15.6699,15.8161,15.7332,15.6229,15.5858,15.6740,15.6051,15.6913,15.7321,15.6519,15.5402,15.6294,15.5838,15.7723,15.7732,15.6099,15.6248,15.6385,15.6375,15.629382,15.583850,828.365620
