iteration,p0_x,p0_y,p1_x,p1_y,p2_x,p2_y,p3_x,p3_y,p4_x,p4_y,p5_x,p5_y,p6_x,p6_y,p7_x,p7_y,p8_x,p8_y,p9_x,p9_y,p10_x,p10_y,p11_x,p11_y,p12_x,p12_y,p13_x,p13_y,p14_x,p14_y,p15_x,p15_y,p16_x,p16_y,p17_x,p17_y,p18_x,p18_y,p19_x,p19_y,p20_x,p20_y,p21_x,p21_y,p22_x,p22_y,p23_x,p23_y,p24_x,p24_y,p25_x,p25_y,p26_x,p26_y,p27_x,p27_y,p28_x,p28_y,p29_x,p29_y,p30_x,p30_y,p31_x,p31_y,p32_x,p32_y,p33_x,p33_y,p34_x,p34_y,p35_x,p35_y,p36_x,p36_y,p37_x,p37_y,p38_x,p38_y,p39_x,p39_y,p40_x,p40_y,p41_x,p41_y,p42_x,p42_y,p43_x,p43_y,p44_x,p44_y,p45_x,p45_y,p46_x,p46_y,p47_x,p47_y,p48_x,p48_y,p49_x,p49_y,global_best_x,global_best_y,global_best_value
0,4.1515,2.4150,3.0692,1.7902,5.0208,1.5463,3.6797,4.1738,4.8750,4.5337,2.1031,2.6331,1.0824,5.8963,6.3596,4.5969,4.5603,1.0497,4.1126,4.5904,3.6453,3.8634,5.3397,3.1335,3.5060,4.2319,2.4000,2.7499,2.0976,1.1408,2.1809,2.1739,6.8949,1.5577,4.4436,4.8008,5.5668,4.8533,3.3941,1.7601,5.1065,4.7570,4.2300,1.7984,3.4327,4.3587,4.8151,1.4350,3.4176,2.1955,0.6409,4.1767,4.6427,2.6107,5.0718,4.1360,2.5048,4.8212,5.1431,5.4713,4.8958,3.7716,6.7566,3.5194,2.5226,3.9924,6.2553,1.5940,4.2126,3.5522,4.3705,4.0154,6.3044,1.8270,3.3361,5.8800,5.6418,1.5834,3.9353,2.1754,5.3696,3.9817,6.2410,2.1295,2.4776,3.0512,4.9210,1.8715,5.3570,2.5976,6.6977,4.3430,2.5333,2.3570,0.6286,3.8173,6.0723,2.0965,4.4934,2.3508,6.241006,2.129519,27.600000
2,5.9206,2.1395,6.5046,2.3397,6.6840,2.5300,5.7974,2.8781,5.5331,3.2894,5.3668,1.1165,3.7309,3.6245,6.6896,5.1863,7.3219,2.1650,6.9702,1.2881,6.1762,2.2685,5.1656,3.2323,4.0036,4.2125,6.4000,1.6211,2.5657,2.3354,4.2208,2.1903,6.4002,2.7075,7.2613,1.1967,5.1238,3.7060,6.1513,2.0296,5.5610,3.9884,5.9675,2.1058,4.9346,3.4137,7.0103,2.3928,3.3844,3.5596,4.6409,2.4593,7.3766,1.7710,6.4910,1.6537,6.3164,1.4978,5.8845,3.5437,6.6924,1.7229,5.9949,1.4784,5.4166,2.0000,6.3535,1.6761,5.9497,2.4044,5.6550,2.7230,6.5527,1.6357,4.4710,4.3986,6.4909,1.4248,5.5134,2.2696,5.1689,5.9837,6.6861,1.4541,6.4776,1.6817,6.8971,2.7135,7.3475,0.8904,6.2191,1.4996,5.8612,2.2642,3.5174,2.5815,5.7839,2.5870,7.3764,1.2340,6.241006,2.129519,27.600000
4,6.5322,2.1009,6.7655,2.2102,5.9521,2.0734,6.6070,1.7920,6.3115,2.0110,6.5559,1.4758,5.1754,3.3716,6.9052,6.1989,5.9185,2.2083,6.5281,1.7983,6.5189,1.9225,4.9717,3.4325,1.2810,6.3651,7.7108,1.5872,5.6393,2.0379,7.2243,2.1414,6.2734,2.3013,6.1372,2.5562,4.2543,5.4745,6.2893,2.1070,5.0085,5.3107,5.9520,2.0799,3.1397,5.0974,6.2232,2.0522,4.4700,2.8621,6.5755,2.2492,5.8025,2.2567,6.5635,1.5606,7.2178,1.5261,5.4041,4.6939,6.1339,2.2669,6.3823,2.5105,7.3513,1.6878,6.3722,1.7662,6.6129,1.9434,6.3737,1.9976,6.0537,2.1477,5.3990,3.5830,6.0696,1.7172,7.2083,2.0638,5.9531,2.9423,6.0326,2.4458,7.3506,1.9731,5.8277,2.1288,6.4379,1.8684,6.2775,2.1084,6.0277,2.1827,5.9462,2.2818,6.3302,1.8867,6.8429,1.3990,6.241006,2.129519,27.600000
6,6.1714,2.1338,6.2547,2.2987,6.1040,2.1138,6.3488,2.1927,6.3765,1.9065,6.1254,1.9479,1.1754,6.4650,6.3687,3.7064,6.4331,2.1367,6.6965,1.6043,5.6024,2.6794,4.7968,3.6377,3.4134,4.2768,5.9016,1.7754,6.8678,2.1173,5.5920,2.1467,6.4316,2.0411,6.2169,2.6995,5.5419,3.5477,6.1197,2.0974,4.6707,6.0171,6.3234,2.1408,1.6582,6.1317,6.1807,1.9673,7.4227,1.3518,6.2186,2.1975,6.0881,2.1682,6.1215,2.3357,5.8361,1.7680,6.0272,3.0082,6.1859,2.2698,6.2132,2.0624,5.6727,2.2744,6.3303,1.8075,6.5467,1.9870,6.2481,2.1219,6.0795,2.1838,2.9651,6.2131,6.2669,1.5622,6.3298,2.1486,6.4707,1.1506,6.3475,1.9680,6.1968,1.8289,6.3419,2.4855,6.5083,1.6977,6.3873,2.5986,5.7621,2.1293,6.6877,2.0692,6.1066,2.2829,5.8526,2.2201,6.241006,2.129519,27.600000
8,6.2872,2.1197,6.5193,2.2781,6.2412,2.2182,6.3381,2.3903,6.2074,2.1839,6.0437,1.7942,3.5423,4.2898,6.1554,1.5463,6.4219,2.2331,6.4571,1.8798,6.4845,1.9784,4.6655,3.7646,6.8121,1.4345,6.3696,1.8477,6.2250,2.1207,6.0760,2.1440,6.3854,2.3128,6.5783,2.5866,5.4285,3.4848,6.2047,2.0486,5.7403,3.6639,6.1992,2.1194,4.2554,3.5220,6.3182,2.1486,6.0362,2.2520,6.2090,2.2370,6.6133,2.0119,6.2780,2.0625,6.0308,1.9612,5.9063,3.0941,6.2245,2.1691,6.2279,2.0941,6.4233,2.0459,6.3828,1.6845,6.3234,2.1499,6.0714,2.3026,6.0722,2.1119,4.8984,4.2740,6.2600,1.5986,6.5997,2.1459,6.1512,2.5075,6.2341,2.1401,6.1290,1.8678,6.1961,2.2858,6.4697,1.8266,6.2701,2.1246,6.3006,2.1764,6.3468,2.1713,6.1979,2.1761,6.5839,1.5475,6.241006,2.129519,27.600000
10,6.4983,2.0897,6.3580,2.2347,6.1380,2.1454,6.3760,2.1124,6.3146,2.0064,6.3024,1.4171,3.2563,4.8247,6.2429,2.4863,6.3151,2.1541,6.3929,1.9541,6.1009,2.2780,4.8267,3.5914,7.3855,1.0876,6.5038,1.8023,6.5010,2.0622,6.4360,2.1326,6.3934,2.2067,6.3146,2.5773,5.2778,3.8306,6.2217,2.1123,4.5385,6.3639,6.1823,2.1182,5.0486,3.3478,6.2791,2.0045,5.8960,2.3399,6.5941,2.1333,6.2910,2.1022,6.2722,2.0723,6.3976,1.7435,6.2238,2.1462,6.0871,2.3915,6.2591,2.1876,6.4934,2.0051,6.2595,2.0597,6.5348,2.0628,6.1950,2.1774,6.2386,2.1436,4.9081,3.9978,6.2196,1.8779,6.9461,2.1210,6.3023,1.8694,6.2257,2.1527,6.5979,2.2206,6.1473,2.3451,6.4171,1.8429,6.3175,2.2599,6.0117,2.1403,6.5119,2.1309,6.1493,2.0780,6.1899,2.1470,6.241006,2.129519,27.600000
12,6.2383,2.1266,6.3552,2.2132,6.2539,2.1129,6.3921,2.1930,6.3248,1.9893,6.1267,1.6356,4.6237,3.2695,6.2035,2.0052,6.5673,2.2706,6.3534,2.0000,6.1949,2.2034,4.5287,3.9035,6.3259,1.8527,6.1921,1.8381,6.6709,2.0777,6.1112,2.1544,6.4166,2.2218,6.3729,2.7405,4.7602,4.7637,6.2265,2.1387,5.5790,3.5353,6.2167,2.1235,5.3088,3.0935,6.2801,2.1114,6.5452,1.9412,6.3684,2.2547,6.4144,2.0753,6.2505,2.1110,6.1959,1.6115,6.0842,2.5548,6.1759,2.2588,6.2415,2.1348,6.1484,2.1367,6.2447,2.1170,6.2807,2.1257,6.1817,2.1908,6.0883,2.1336,3.7057,5.2723,6.2634,2.1362,6.5263,2.1410,6.2464,2.1062,6.2498,2.1162,6.4432,2.1393,6.2828,2.2694,6.5581,1.6591,6.2521,2.2065,6.1423,2.1566,6.5682,2.1126,6.1762,2.1160,6.1024,2.2716,6.241006,2.129519,27.600000
14,6.2870,2.1193,6.3852,2.2314,6.0832,2.2667,6.2903,2.1519,6.2425,2.1264,6.1744,1.2392,6.4107,1.9771,6.1828,1.8238,6.3409,2.1746,6.8785,1.3939,6.2280,2.1856,3.8627,4.5925,6.6273,1.6963,6.3720,2.0081,6.3006,2.1069,6.2244,2.1437,6.2979,2.1736,6.3021,2.2585,4.7444,4.7651,6.1580,1.9942,4.9674,5.1783,6.1995,2.1206,3.8832,4.3732,6.2624,2.1126,5.9671,2.2969,6.4757,2.1737,6.5973,1.9999,6.2691,2.0775,6.3059,1.9431,6.1963,2.2448,6.1611,2.2757,6.2493,2.1595,6.2662,2.0554,6.2553,2.0847,6.4871,2.0774,6.1875,2.1842,6.2168,2.1248,5.6616,2.9769,6.2412,2.0149,6.3431,2.1304,6.2477,2.0966,6.2366,2.1362,6.3774,2.1001,6.2261,2.1416,6.4654,1.7842,6.2999,2.2704,6.0890,2.1634,6.3767,2.1537,6.1860,2.1188,6.2635,2.0730,6.241006,2.129519,27.600000
16,6.2963,2.1210,6.3856,2.2535,6.1650,2.1641,6.3505,2.1295,6.2866,2.0530,6.2360,2.1167,6.2969,2.0870,6.2380,2.4132,6.4696,2.2310,6.6621,1.6436,6.1754,2.2464,6.1653,2.2073,6.6492,1.6525,6.2375,2.1727,6.5600,2.0771,6.2459,2.1489,6.4397,2.2453,6.3551,2.5380,4.8693,4.5606,6.2047,2.1125,5.5116,4.2730,6.1876,2.1179,5.0502,3.0829,6.2886,2.0565,6.2050,2.1498,6.2669,2.1415,6.2071,2.1440,6.2766,2.0626,6.2370,2.2331,6.1451,2.3860,6.2104,2.1885,6.2529,2.1708,6.2152,2.1323,6.2504,2.0913,6.3108,2.1151,6.1877,2.1845,6.2412,2.1421,6.2777,2.1133,6.2491,2.1093,6.7502,2.1317,6.2600,2.0459,6.2426,2.1271,6.3973,2.1130,6.2302,2.1419,6.2746,2.0780,6.3843,2.4473,6.1532,2.1511,6.4901,2.1356,6.1484,2.1105,6.2123,2.1604,6.241006,2.129519,27.600000
18,6.3362,2.1117,6.3624,2.2308,6.1203,2.2065,6.3877,2.1772,6.2735,2.0750,6.2493,2.3150,6.1543,2.1914,6.2224,2.1761,6.3897,2.1963,6.3139,2.0455,6.2060,2.2151,6.4204,1.9434,6.3593,1.9575,6.2881,2.0415,6.5394,2.0743,6.2167,2.1378,6.3499,2.1929,6.2723,2.2437,5.2278,3.9159,6.1834,2.0679,5.7261,3.2780,6.1870,2.1177,5.4858,2.7723,6.2575,2.1125,6.1804,2.1663,6.4025,2.2104,6.5413,2.0224,6.2669,2.0808,6.2379,2.1918,6.1093,2.4895,6.1787,2.2466,6.2495,2.1619,6.2247,2.0630,6.2468,2.1082,6.3838,2.0985,6.1507,2.2223,6.0733,2.1423,5.9831,2.5184,6.2471,2.0359,6.4562,2.1347,6.2556,2.0653,6.2403,2.1306,6.2751,2.1215,6.2429,2.4798,6.1652,2.2468,6.3307,2.3423,6.1688,2.1537,6.2904,2.1322,6.1080,2.1051,6.2148,2.1284,6.241006,2.129519,27.600000
20,6.3938,2.1016,6.2459,2.1310,6.1776,2.1747,6.3678,2.1729,6.2866,2.0528,6.2328,1.9919,6.3582,2.0439,6.2319,2.3246,6.5114,2.2484,6.2577,2.1102,6.2310,2.1613,6.1320,2.2421,6.5849,1.7253,6.3019,2.0968,6.4786,2.0886,6.2350,2.1477,6.5128,2.2940,6.3394,2.4454,5.6243,3.2222,6.1989,2.0833,6.3063,1.9830,6.2279,2.1267,6.2740,2.1050,6.3267,1.9961,6.0734,2.2296,6.3942,2.1713,6.4460,2.0584,6.2466,2.1191,6.2796,2.0755,6.2064,2.2212,6.2392,2.1324,6.2476,2.1539,6.2446,2.0630,6.2496,2.0969,6.3106,2.1146,6.1529,2.2201,6.1666,2.1369,6.1469,2.2812,6.2461,2.0695,6.7246,2.1312,6.2520,2.0801,6.2402,2.1308,6.3013,2.1228,6.2384,2.1902,6.3740,1.9243,6.2674,2.1922,6.1668,2.1478,6.5664,2.1480,6.1702,2.1150,6.2296,2.1376,6.241006,2.129519,27.600000
22,6.2769,2.1233,6.3773,2.2385,6.1484,2.1884,6.3647,2.1539,6.2758,2.0712,6.2441,2.2141,6.2188,2.1447,6.2405,2.1270,6.2658,2.1411,6.2784,2.0863,6.1782,2.2603,6.3093,2.0586,6.3247,2.0204,6.2831,2.0793,6.3881,2.1043,6.2225,2.1591,6.4403,2.2487,6.4101,2.6947,6.2730,2.0725,6.1692,2.0506,6.2054,2.2092,6.1910,2.1186,6.3081,2.0718,6.3169,2.0188,6.1507,2.1837,6.4037,2.1919,6.2692,2.1194,6.2702,2.0747,6.2472,2.1715,6.0084,2.7601,6.1063,2.3822,6.2405,2.1273,6.2300,2.1379,6.2528,2.0854,6.5176,2.0703,6.1514,2.2217,6.2598,2.1287,6.1070,2.3492,6.2448,2.0955,6.7888,2.1318,6.2606,2.0423,6.2413,2.1290,6.4294,2.1040,6.2411,2.3347,6.2147,2.1704,6.3782,2.4440,6.0855,2.1680,6.4018,2.1370,6.1693,2.1157,6.2010,2.1402,6.241006,2.129519,27.600000
24,6.2877,2.1210,6.2718,2.1545,6.1433,2.1933,6.4146,2.1781,6.3002,2.0299,6.2373,2.0894,6.2874,2.0947,6.2246,2.2880,6.2621,2.1389,6.2907,2.0723,6.2040,2.2092,6.1559,2.2174,6.2515,2.1145,6.3239,2.0511,6.3493,2.1096,6.2220,2.1565,6.4079,2.2300,6.3194,2.3871,6.0631,2.4448,6.2072,2.0895,6.1443,2.3449,6.1964,2.1198,6.1251,2.2303,6.2419,2.1280,6.1666,2.1741,6.4739,2.2142,6.4171,2.0678,6.2654,2.0838,6.2438,2.1439,6.2654,2.0625,6.1118,2.3715,6.2513,2.1680,6.2287,2.0545,6.2583,2.0643,6.3038,2.1158,6.1400,2.2333,6.1116,2.1419,6.0425,2.4466,6.2477,2.0595,6.7287,2.1332,6.2499,2.0898,6.2409,2.1297,6.3912,2.1094,6.2378,2.5068,6.2584,2.1028,6.2973,2.2594,6.1695,2.1477,6.3248,2.1344,6.1745,2.1166,6.1776,2.1506,6.241006,2.129519,27.600000
26,6.3146,2.1163,6.3745,2.2356,6.1926,2.1614,6.2488,2.1293,6.2283,2.1510,6.2391,2.1483,6.2483,2.1241,6.2178,2.3526,6.4318,2.2140,6.3062,2.0544,6.2086,2.1996,6.2312,2.1397,6.2807,2.0791,6.3056,2.0713,6.5261,2.0792,6.2343,2.1419,6.3773,2.2114,6.3634,2.5340,6.1247,2.3354,6.1676,2.0498,6.0975,2.4488,6.2221,2.1254,6.3240,2.0615,6.3077,2.0297,6.1438,2.1876,6.2558,2.1331,6.2221,2.1362,6.2553,2.1027,6.2505,2.1155,6.0948,2.5255,6.0918,2.4089,6.2500,2.1629,6.2319,2.0389,6.2428,2.1225,6.4275,2.0895,6.1929,2.1790,6.0987,2.1437,6.2736,2.0793,6.2517,2.0220,6.3187,2.1302,6.2507,2.0862,6.2410,2.1295,6.3581,2.1141,6.2412,2.0514,6.2930,2.0494,6.3088,2.2861,6.1321,2.1565,6.4465,2.1407,6.1207,2.1058,6.2451,2.1296,6.241006,2.129519,27.600000
28,6.2717,2.1240,6.3395,2.2084,6.1456,2.1915,6.4153,2.1746,6.3145,2.0058,6.2415,2.1398,6.2539,2.1196,6.2335,2.1981,6.4632,2.2280,6.2681,2.0982,6.2099,2.1955,6.1778,2.1944,6.3386,2.0019,6.3106,2.0630,6.5069,2.0821,6.2293,2.1470,6.5376,2.3077,6.4288,2.7531,6.1367,2.3143,6.1939,2.0777,6.1477,2.3373,6.1743,2.1150,6.2766,2.1010,6.2897,2.0572,6.2099,2.1482,6.2460,2.1308,6.3169,2.1029,6.2487,2.1151,6.2687,2.1445,6.1468,2.3842,6.2153,2.1778,6.2443,2.1417,6.2382,2.1334,6.2535,2.0824,6.3939,2.0965,6.1102,2.2640,6.1837,2.1349,6.2379,2.1345,6.2424,2.1148,6.6995,2.1326,6.2525,2.0786,6.2410,2.1295,6.3937,2.1092,6.2387,2.4538,6.2362,2.1371,6.3129,2.2955,6.1723,2.1468,6.3530,2.1353,6.2173,2.1250,6.2298,2.1334,6.241006,2.129519,27.600000
30,6.3650,2.1072,6.4439,2.2911,6.1459,2.1916,6.4462,2.1829,6.2719,2.0776,6.2386,2.1062,6.2957,2.0880,6.2310,2.2291,6.4912,2.2403,6.2544,2.1141,6.2173,2.1806,6.1854,2.1867,6.2542,2.1125,6.3076,2.0687,6.5196,2.0800,6.2359,2.1376,6.4244,2.2398,6.2644,2.2067,6.2887,2.0451,6.1801,2.0614,6.1389,2.3566,6.1687,2.1138,6.2325,2.1374,6.2538,2.1103,6.1100,2.2079,6.5646,2.2460,6.6358,1.9911,6.2926,2.0329,6.2551,2.1377,6.2354,2.1444,6.0996,2.3945,6.2475,2.1538,6.2368,2.0996,6.2561,2.0726,6.3708,2.1015,6.1689,2.2036,6.1216,2.1412,5.9618,2.5788,6.2378,2.1613,6.1532,2.1290,6.2541,2.0713,6.2410,2.1296,6.3380,2.1167,6.2404,2.2094,6.2748,2.0776,6.3772,2.4440,6.0521,2.1766,6.4130,2.1386,6.1343,2.1086,6.2034,2.1425,6.241006,2.129519,27.600000
32,6.3105,2.1170,6.2520,2.1382,6.1424,2.1937,6.2936,2.1428,6.2351,2.1394,6.2367,2.1216,6.2599,2.1152,6.2291,2.2382,6.5288,2.2569,6.2774,2.0875,6.2060,2.2045,6.2548,2.1154,6.3103,2.0391,6.3345,2.0418,6.3827,2.1044,6.2271,2.1513,6.3469,2.1931,6.3656,2.5424,5.9766,2.5977,6.1825,2.0646,6.1676,2.2928,6.2343,2.1281,6.2602,2.1142,6.3012,2.0398,6.1213,2.2011,6.2080,2.1173,6.5944,2.0056,6.2664,2.0819,6.2581,2.1328,6.0160,2.7382,6.1452,2.3089,6.2442,2.1415,6.2298,2.0642,6.2497,2.0967,6.4416,2.0863,6.1405,2.2329,6.1012,2.1432,6.2650,2.0910,6.2475,2.0642,6.5962,2.1320,6.2690,2.0049,6.2410,2.1295,6.3046,2.1211,6.2387,2.4052,6.2468,2.1206,6.4252,2.5547,6.1783,2.1452,6.3409,2.1348,6.1500,2.1117,6.2295,2.1333,6.241006,2.129519,27.600000
34,6.3999,2.1008,6.4276,2.2784,6.2559,2.1199,6.3639,2.1607,6.2591,2.0991,6.2390,2.1261,6.2811,2.0991,6.2273,2.2590,6.2442,2.1309,6.2769,2.0881,6.2238,2.1664,6.1619,2.2108,6.2269,2.1479,6.3409,2.0374,6.4844,2.0862,6.2327,2.1424,6.3142,2.1735,6.3250,2.4078,6.2463,2.1201,6.1866,2.0687,6.1383,2.3581,6.1718,2.1144,6.2730,2.1057,6.3007,2.0407,6.1778,2.1674,6.6276,2.2682,6.0737,2.1881,6.2789,2.0586,6.2660,2.1420,6.1418,2.3978,6.1361,2.3261,6.2442,2.1415,6.2363,2.1039,6.2548,2.0775,6.4529,2.0838,6.1815,2.1907,6.1423,2.1391,6.0617,2.4183,6.2434,2.1048,6.5131,2.1315,6.2395,2.1360,6.2410,2.1295,6.3985,2.1087,6.2392,2.3554,6.2522,2.1124,6.3248,2.3230,6.0338,2.1812,6.4238,2.1392,6.1319,2.1082,6.2416,2.1289,6.241006,2.129519,27.600000
36,6.2571,2.1266,6.4214,2.2733,6.1151,2.2115,6.3109,2.1474,6.2801,2.0637,6.2405,2.1259,6.2673,2.1096,6.2211,2.3181,6.3242,2.1664,6.2765,2.0886,6.1841,2.2515,6.1946,2.1772,6.3173,2.0301,6.2701,2.1026,6.4112,2.0993,6.2192,2.1638,6.4874,2.2776,6.3856,2.6089,6.2079,2.1881,6.2010,2.0850,6.1424,2.3490,6.2266,2.1264,6.2547,2.1196,6.2407,2.1300,6.1254,2.1987,6.2065,2.1170,6.4683,2.0499,6.2718,2.0718,6.2618,2.1355,6.1882,2.2722,6.0374,2.5109,6.2462,2.1490,6.2341,2.0871,6.2548,2.0775,6.3713,2.1015,6.1577,2.2152,6.1788,2.1356,5.9943,2.5269,6.2467,2.0720,6.3691,2.1305,6.2676,2.0113,6.2410,2.1295,6.3790,2.1113,6.2375,2.5333,6.2528,2.1114,6.2921,2.2474,6.0788,2.1699,6.3638,2.1360,6.1826,2.1181,6.2020,2.1430,6.241006,2.129519,27.600000
38,6.3475,2.1103,6.4215,2.2735,6.0889,2.2286,6.4363,2.1793,6.3146,2.0057,6.2377,2.1218,6.2835,2.0972,6.2318,2.2161,6.5024,2.2452,6.2734,2.0922,6.2202,2.1741,6.1969,2.1749,6.2821,2.0759,6.3583,2.0206,6.4946,2.0844,6.2353,2.1385,6.4970,2.2833,6.2893,2.2895,6.0778,2.4185,6.1899,2.0726,6.1764,2.2732,6.2131,2.1234,6.2553,2.1187,6.2913,2.0546,6.1203,2.2017,6.4144,2.1916,6.3432,2.0937,6.2931,2.0320,6.2529,2.1338,6.1033,2.5019,6.2743,2.0671,6.2509,2.1663,6.2352,2.0971,6.2459,2.1110,6.2873,2.1195,6.2366,2.1341,6.1660,2.1368,6.1612,2.2580,6.2448,2.0913,6.6125,2.1322,6.2423,2.1236,6.2410,2.1295,6.3076,2.1207,6.2419,2.0292,6.2601,2.1002,6.3345,2.3455,6.1110,2.1619,6.4533,2.1407,6.1371,2.1092,6.2185,2.1372,6.241006,2.129519,27.600000
40,6.3561,2.1087,6.2813,2.1616,6.2052,2.1529,6.3556,2.1587,6.2314,2.1456,6.2398,2.1261,6.2863,2.0952,6.2280,2.2521,6.3525,2.1789,6.3085,2.0517,6.1773,2.2661,6.2028,2.1688,6.2926,2.0623,6.2679,2.1047,6.3078,2.1176,6.2329,2.1423,6.3825,2.2145,6.3576,2.5160,6.1307,2.3249,6.1496,2.0277,6.0854,2.4758,6.1688,2.1138,6.2505,2.1225,6.2582,2.1039,6.2010,2.1535,6.4231,2.1947,6.5188,2.0321,6.2525,2.1079,6.2619,2.1378,6.2123,2.2072,6.0549,2.4781,6.2461,2.1483,6.2392,2.1182,6.2432,2.1211,6.4449,2.0856,6.0839,2.2910,6.1217,2.1411,6.1199,2.3246,6.2463,2.0759,6.4008,2.1307,6.2615,2.0383,6.2410,2.1295,6.4498,2.1019,6.2375,2.5423,6.2584,2.1028,6.2666,2.1887,6.0176,2.1852,6.3116,2.1332,6.0695,2.0960,6.2217,2.1361,6.241006,2.129519,27.600000
42,6.2830,2.1219,6.4259,2.2769,6.2202,2.1431,6.2770,2.1387,6.2737,2.0745,6.2388,2.1236,6.2683,2.1088,6.2144,2.3800,6.1366,2.0833,6.3047,2.0560,6.1784,2.2636,6.2228,2.1482,6.2779,2.0814,6.3652,2.0144,6.4092,2.0996,6.2337,2.1410,6.4490,2.2545,6.3081,2.3519,6.1431,2.3029,6.2336,2.1213,6.1307,2.3751,6.1872,2.1178,6.2641,2.1124,6.3003,2.0412,6.0188,2.2625,6.3589,2.1717,6.5948,2.0055,6.2721,2.0712,6.2538,2.1343,6.1485,2.3798,6.2656,2.0835,6.2458,2.1474,6.2307,2.0706,6.2515,2.0900,6.2976,2.1173,6.1113,2.2629,6.1563,2.1378,6.1375,2.2963,6.2423,2.1163,6.7110,2.1329,6.2502,2.0886,6.2410,2.1295,6.2782,2.1246,6.2377,2.5136,6.2546,2.1086,6.3551,2.3930,6.1046,2.1635,6.4733,2.1418,6.2000,2.1215,6.2056,2.1416,6.241006,2.129519,27.600000
44,6.2709,2.1241,6.4423,2.2900,6.1901,2.1627,6.4639,2.1864,6.3003,2.0298,6.2381,2.1222,6.2858,2.0955,6.2331,2.2042,6.2562,2.1362,6.2565,2.1116,6.2089,2.1983,6.1857,2.1864,6.2543,2.1122,6.2493,2.1219,6.4289,2.0961,6.2245,2.1554,6.2456,2.1323,6.3670,2.5471,6.0517,2.4647,6.1987,2.0824,6.2791,2.0447,6.2228,2.1256,6.2523,2.1211,6.2704,2.0858,6.1972,2.1557,6.5632,2.2449,6.2243,2.1354,6.2670,2.0809,6.2562,2.1349,6.1288,2.4329,6.0457,2.4954,6.2483,2.1568,6.2308,2.0710,6.2497,2.0967,6.3303,2.1103,6.2070,2.1645,6.1151,2.1418,6.0917,2.3699,6.2494,2.0439,6.4391,2.1309,6.2502,2.0885,6.2410,2.1295,6.4619,2.1003,6.2402,2.2276,6.2711,2.0833,6.3649,2.4157,6.1801,2.1447,6.3313,2.1343,6.1531,2.1123,6.2205,2.1365,6.241006,2.129519,27.600000
46,6.3441,2.1109,6.4217,2.2736,6.1867,2.1649,6.4448,2.1815,6.2554,2.1054,6.2394,2.1254,6.2540,2.1196,6.2275,2.2566,6.4022,2.2009,6.2936,2.0689,6.2039,2.2090,6.2142,2.1571,6.3181,2.0291,6.3485,2.0299,6.3293,2.1138,6.2317,2.1442,6.6236,2.3594,6.3543,2.5050,6.1721,2.2515,6.2043,2.0887,6.1481,2.3364,6.2029,2.1212,6.2653,2.1114,6.2729,2.0820,6.1622,2.1767,6.2966,2.1494,6.4143,2.0688,6.2643,2.0858,6.2521,2.1335,6.1856,2.2795,6.1320,2.3338,6.2468,2.1512,6.2420,2.1353,6.2431,2.1216,6.2763,2.1219,6.1292,2.2444,6.2187,2.1317,6.0944,2.3656,6.2460,2.0785,6.7493,2.1332,6.2470,2.1028,6.2410,2.1295,6.3306,2.1177,6.2383,2.4523,6.2433,2.1260,6.2938,2.2514,6.1921,2.1417,6.4317,2.1396,6.1383,2.1094,6.2369,2.1309,6.241006,2.129519,27.600000
48,6.3448,2.1108,6.2060,2.1016,6.1238,2.2059,6.2454,2.1307,6.2839,2.0573,6.2363,2.1177,6.2822,2.0982,6.2167,2.3583,6.5145,2.2506,6.2568,2.1113,6.2316,2.1497,6.2156,2.1556,6.2495,2.1184,6.2363,2.1338,6.5502,2.0745,6.2347,2.1394,6.3645,2.2037,6.3963,2.6443,6.0870,2.4022,6.1761,2.0572,6.1512,2.3294,6.2189,2.1247,6.2552,2.1190,6.2538,2.1104,6.0835,2.2237,6.4029,2.1875,6.6066,2.0014,6.2404,2.1307,6.2569,2.1354,6.1967,2.2493,6.1424,2.3143,6.2494,2.1606,6.2314,2.0739,6.2561,2.0726,6.5372,2.0657,6.2099,2.1614,6.0958,2.1436,6.1616,2.2574,6.2476,2.0630,6.3881,2.1306,6.2483,2.0969,6.2410,2.1295,6.4158,2.1064,6.2401,2.2421,6.2553,2.1076,6.3105,2.2899,6.1760,2.1457,6.3794,2.1368,6.1620,2.1141,6.2024,2.1427,6.241006,2.129519,27.600000
50,6.3286,2.1137,6.3347,2.2042,6.2022,2.1548,6.5024,2.1962,6.2931,2.0419,6.2400,2.1270,6.2574,2.1171,6.2195,2.3327,6.3447,2.1754,6.2913,2.0715,6.1976,2.2226,6.2006,2.1711,6.2857,2.0713,6.3023,2.0727,6.4099,2.0995,6.2313,2.1447,6.3842,2.2156,6.3218,2.3974,6.2705,2.0773,6.2240,2.1106,6.1646,2.2995,6.1998,2.1205,6.2545,2.1195,6.2636,2.0958,6.1283,2.1970,6.4812,2.2155,6.2203,2.1368,6.2735,2.0687,6.2508,2.1330,6.0564,2.6287,6.0511,2.4853,6.2423,2.1345,6.2333,2.0851,6.2421,2.1256,6.3782,2.1000,6.1511,2.2220,6.1843,2.1350,6.2031,2.1905,6.2442,2.0976,6.4276,2.1309,6.2590,2.0496,6.2410,2.1295,6.3697,2.1125,6.2389,2.3736,6.2563,2.1061,6.3692,2.4256,6.1331,2.1564,6.3787,2.1368,6.1754,2.1167,6.2047,2.1419,6.241006,2.129519,27.600000
52,6.2919,2.1203,6.4471,2.2938,6.1165,2.2106,6.3173,2.1490,6.2490,2.1160,6.2380,2.1218,6.2346,2.1344,6.2304,2.2297,6.4077,2.2033,6.2744,2.0910,6.1876,2.2439,6.2143,2.1570,6.2723,2.0887,6.3795,2.0011,6.3371,2.1124,6.2265,2.1523,6.4097,2.2309,6.3387,2.4533,6.0673,2.4372,6.1401,2.0172,6.1612,2.3070,6.1861,2.1176,6.2610,2.1146,6.2932,2.0518,6.1058,2.2104,6.3638,2.1735,6.5129,2.0342,6.2325,2.1455,6.2710,2.1405,6.2448,2.1191,6.2646,2.0854,6.2520,2.1704,6.2348,2.0935,6.2583,2.0641,6.3322,2.1099,6.1880,2.1840,6.1579,2.1376,6.1375,2.2962,6.2480,2.0585,6.3713,2.1305,6.2567,2.0596,6.2410,2.1295,6.4537,2.1014,6.2397,2.2887,6.2570,2.1050,6.2551,2.1620,6.1137,2.1613,6.4678,2.1415,6.1013,2.1022,6.2229,2.1357,6.241006,2.129519,27.600000
54,6.3129,2.1165,6.3094,2.1841,6.1791,2.1699,6.4119,2.1731,6.3086,2.0158,6.2393,2.1253,6.2870,2.0946,6.2346,2.1904,6.4761,2.2336,6.2567,2.1114,6.2215,2.1714,6.1663,2.2063,6.2774,2.0821,6.2473,2.1237,6.6169,2.0626,6.2337,2.1410,6.3984,2.2241,6.4261,2.7429,6.0745,2.4243,6.2249,2.1116,6.1645,2.2998,6.1911,2.1186,6.2623,2.1136,6.3356,1.9886,6.1179,2.2032,6.3975,2.1855,6.5230,2.0307,6.2816,2.0534,6.2429,2.1302,6.0836,2.5550,6.1719,2.2590,6.2398,2.1249,6.2306,2.0693,6.2550,2.0766,6.4193,2.0911,6.1227,2.2511,6.1629,2.1371,6.1349,2.3005,6.2484,2.0545,6.4093,2.1307,6.2471,2.1023,6.2410,2.1295,6.4083,2.1074,6.2392,2.3385,6.2735,2.0796,6.3207,2.3136,6.1286,2.1575,6.5715,2.1469,6.1284,2.1075,6.2119,2.1395,6.241006,2.129519,27.600000
56,6.3212,2.1150,6.4175,2.2703,6.1236,2.2061,6.3897,2.1675,6.2388,2.1332,6.2385,2.1233,6.2563,2.1179,6.2237,2.2923,6.3882,2.1947,6.2827,2.0814,6.2148,2.1858,6.1778,2.1945,6.3097,2.0400,6.3039,2.0712,6.4010,2.1011,6.2248,2.1549,6.4660,2.2647,6.2955,2.3101,6.0744,2.4246,6.2109,2.0959,6.0924,2.4602,6.2010,2.1208,6.2579,2.1170,6.2538,2.1104,6.1338,2.1936,6.3796,2.1791,6.4121,2.0695,6.2738,2.0681,6.2459,2.1313,6.1537,2.3657,6.1208,2.3547,6.2448,2.1436,6.2362,2.1018,6.2555,2.0746,6.4065,2.0939,6.1234,2.2504,6.1630,2.1371,6.1273,2.3126,6.2450,2.0886,6.5160,2.1315,6.2594,2.0475,6.2410,2.1295,6.4211,2.1057,6.2381,2.4673,6.2519,2.1128,6.3684,2.4238,6.0907,2.1670,6.3546,2.1355,6.2389,2.1291,6.2150,2.1384,6.241006,2.129519,27.600000
58,6.3859,2.1034,6.3479,2.2148,6.2153,2.1463,6.2864,2.1411,6.2769,2.0691,6.2389,2.1242,6.2755,2.1033,6.2443,2.0983,6.2581,2.1371,6.2548,2.1136,6.2134,2.1886,6.2299,2.1409,6.2697,2.0921,6.3836,1.9973,6.5485,2.0748,6.2335,2.1413,6.4183,2.2360,6.2918,2.2978,6.1099,2.3617,6.2124,2.0977,6.2000,2.2207,6.2169,2.1243,6.2559,2.1184,6.3017,2.0391,6.1686,2.1728,6.4489,2.2039,6.4632,2.0516,6.2682,2.0786,6.2668,2.1389,6.2143,2.2016,6.1986,2.2089,6.2484,2.1572,6.2368,2.1052,6.2481,2.1028,6.3488,2.1063,6.1930,2.1789,6.1055,2.1427,6.1705,2.2432,6.2478,2.0602,6.3815,2.1305,6.2427,2.1219,6.2410,2.1295,6.4137,2.1067,6.2400,2.2485,6.2454,2.1227,6.3452,2.3700,6.2216,2.1344,6.2339,2.1291,6.0769,2.0974,6.2076,2.1409,6.241006,2.129519,27.600000
60,6.3098,2.1171,6.2660,2.1494,6.1295,2.2022,6.4108,2.1728,6.2895,2.0479,6.2354,2.1152,6.2594,2.1155,6.2244,2.2857,6.4094,2.2041,6.2767,2.0883,6.2339,2.1447,6.1939,2.1780,6.2912,2.0641,6.2115,2.1569,6.7145,2.0453,6.2253,2.1541,6.3592,2.2005,6.3387,2.4533,6.0496,2.4684,6.2190,2.1050,6.1376,2.3595,6.2211,2.1252,6.2600,2.1154,6.2515,2.1139,6.0753,2.2286,6.3664,2.1744,6.3823,2.0800,6.2469,2.1186,6.2613,2.1369,6.0847,2.5521,6.1257,2.3455,6.2462,2.1488,6.2287,2.0583,6.2541,2.0802,6.4097,2.0932,6.2417,2.1288,6.2511,2.1285,6.1354,2.2996,6.2467,2.0722,6.5457,2.1317,6.2663,2.0171,6.2410,2.1295,6.3409,2.1163,6.2401,2.2404,6.2782,2.0724,6.3263,2.3265,6.1918,2.1418,6.3402,2.1347,6.1331,2.1084,6.2191,2.1370,6.241006,2.129519,27.600000
62,6.2784,2.1228,6.4944,2.3316,6.1958,2.1590,6.4046,2.1713,6.2889,2.0489,6.2401,2.1272,6.2742,2.1043,6.2231,2.2982,6.4802,2.2354,6.2919,2.0708,6.1833,2.2531,6.1950,2.1768,6.2782,2.0810,6.3958,1.9860,6.4205,2.0976,6.2241,2.1562,6.5732,2.3292,6.4167,2.7118,6.1852,2.2283,6.2225,2.1089,6.2226,2.1705,6.1710,2.1143,6.2457,2.1260,6.2999,2.0417,6.1063,2.2101,6.1873,2.1103,6.5206,2.0315,6.2617,2.0908,6.2597,2.1364,6.1921,2.2619,6.0699,2.4500,6.2467,2.1507,6.2396,2.1212,6.2531,2.0838,6.2868,2.1197,6.0318,2.3446,6.0886,2.1443,6.0966,2.3621,6.2474,2.0652,6.8149,2.1336,6.2711,1.9956,6.2410,2.1295,6.3753,2.1117,6.2381,2.4692,6.2289,2.1481,6.2904,2.2435,6.1006,2.1645,6.3701,2.1363,6.1462,2.1110,6.1890,2.1473,6.241006,2.129519,27.600000
64,6.4216,2.0969,6.3187,2.1915,6.1412,2.1946,6.3720,2.1629,6.2852,2.0551,6.2377,2.1211,6.2589,2.1159,6.2299,2.2345,6.3666,2.1851,6.2428,2.1274,6.2204,2.1736,6.2098,2.1616,6.3203,2.0262,6.2312,2.1386,6.4234,2.0971,6.2292,2.1480,6.3846,2.2158,6.3187,2.3870,6.1341,2.3188,6.1833,2.0652,6.1089,2.4235,6.2015,2.1209,6.2671,2.1101,6.3041,2.0355,6.1175,2.2034,6.5241,2.2309,6.3935,2.0760,6.2876,2.0422,6.2421,2.1299,6.1362,2.4130,6.2129,2.1821,6.2468,2.1510,6.2336,2.0867,6.2488,2.0999,6.3076,2.1152,6.2592,2.1108,6.1587,2.1375,6.1774,2.2319,6.2469,2.0702,6.1936,2.1292,6.2409,2.1300,6.2410,2.1295,6.3623,2.1135,6.2396,2.2901,6.2676,2.0887,6.3291,2.3330,6.1397,2.1548,6.3541,2.1355,6.1369,2.1091,6.2315,2.1328,6.241006,2.129519,27.600000
66,6.2880,2.1210,6.4008,2.2569,6.2403,2.1300,6.3789,2.1647,6.2578,2.1013,6.2403,2.1276,6.2438,2.1274,6.2053,2.4663,6.4767,2.2339,6.2616,2.1057,6.2019,2.2134,6.2223,2.1487,6.2388,2.1324,6.3586,2.0205,6.3889,2.1032,6.2278,2.1502,6.4577,2.2598,6.4027,2.6655,6.1392,2.3098,6.1675,2.0476,6.1313,2.3736,6.2118,2.1232,6.2580,2.1169,6.2141,2.1697,6.0687,2.2326,6.4810,2.2154,6.2878,2.1131,6.2467,2.1189,6.2713,2.1406,6.1572,2.3561,6.2032,2.2004,6.2518,2.1698,6.2314,2.0743,6.2489,2.0997,6.3504,2.1059,6.0516,2.3242,6.1941,2.1341,6.2413,2.1291,6.2505,2.0328,6.6086,2.1322,6.2573,2.0570,6.2410,2.1295,6.4220,2.1056,6.2400,2.2478,6.2577,2.1039,6.3209,2.3141,6.1342,2.1562,6.4842,2.1423,6.1334,2.1085,6.1946,2.1454,6.241006,2.129519,27.600000
68,6.2590,2.1263,6.4418,2.2897,6.1630,2.1803,6.4332,2.1786,6.2844,2.0565,6.2404,2.1279,6.2770,2.1022,6.2412,2.1280,6.4347,2.2153,6.3194,2.0392,6.1987,2.2203,6.2263,2.1446,6.2663,2.0966,6.3163,2.0598,6.0878,2.1568,6.2388,2.1329,6.3713,2.2078,6.2927,2.3009,6.1070,2.3668,6.2143,2.0997,6.1353,2.3649,6.1905,2.1185,6.2472,2.1249,6.3100,2.0267,6.1611,2.1773,6.4546,2.2060,6.6528,1.9852,6.2790,2.0584,6.2469,2.1317,6.1165,2.4663,6.0692,2.4513,6.2392,2.1228,6.2352,2.0960,6.2535,2.0822,6.4236,2.0902,6.2321,2.1386,6.1052,2.1427,5.9470,2.6032,6.2422,2.1179,6.3538,2.1303,6.2547,2.0684,6.2410,2.1295,6.4079,2.1074,6.2404,2.1998,6.2604,2.0998,6.2619,2.1778,6.0726,2.1715,6.5331,2.1449,6.1697,2.1156,6.2394,2.1301,6.241006,2.129519,27.600000
70,6.3786,2.1047,6.4190,2.2714,6.1303,2.2017,6.2833,2.1403,6.2906,2.0461,6.2350,2.1142,6.2609,2.1144,6.2217,2.3116,6.4893,2.2395,6.2786,2.0862,6.2189,2.1769,6.1852,2.1868,6.2920,2.0631,6.2707,2.1020,6.7391,2.0409,6.2317,2.1442,6.2433,2.1309,6.2918,2.2980,6.1203,2.3433,6.1943,2.0775,6.2104,2.1976,6.2251,2.1260,6.2695,2.1083,6.2748,2.0791,6.1599,2.1780,6.6061,2.2602,6.2177,2.1377,6.2751,2.0656,6.2460,2.1314,6.1976,2.2470,6.1292,2.3389,6.2479,2.1552,6.2356,2.0982,6.2441,2.1177,6.4617,2.0820,6.2275,2.1434,6.1713,2.1363,6.1402,2.2919,6.2420,2.1196,6.3144,2.1300,6.2592,2.0488,6.2410,2.1295,6.3798,2.1112,6.2391,2.3499,6.2737,2.0794,6.3583,2.4005,6.2088,2.1376,6.2837,2.1318,6.1775,2.1171,6.2038,2.1422,6.241006,2.129519,27.600000
72,6.3216,2.1150,6.2753,2.1569,6.1209,2.2078,6.2254,2.1255,6.2842,2.0568,6.2379,2.1216,6.2499,2.1228,6.2250,2.2804,6.5751,2.2774,6.2879,2.0754,6.2042,2.2084,6.1814,2.1908,6.2922,2.0629,6.2978,2.0769,6.3754,2.1056,6.2282,2.1496,6.4033,2.2270,6.3576,2.5160,6.1047,2.3709,6.1440,2.0215,6.0289,2.6016,6.2206,2.1251,6.2757,2.1037,6.2813,2.0695,6.1328,2.1942,6.3560,2.1707,6.5676,2.0150,6.2642,2.0861,6.2659,2.1386,6.0807,2.5632,6.1300,2.3374,6.2472,2.1525,6.2361,2.1012,6.2477,2.1042,6.3899,2.0974,6.0934,2.2812,6.1641,2.1370,6.1121,2.3372,6.2500,2.0384,6.5872,2.1320,6.2550,2.0672,6.2410,2.1295,6.4053,2.1078,6.2398,2.2745,6.2394,2.1320,6.3922,2.4786,6.1362,2.1557,6.2085,2.1278,6.1747,2.1165,6.2425,2.1290,6.241006,2.129519,27.600000
74,6.3946,2.1018,6.2601,2.1447,6.1327,2.2001,6.4615,2.1858,6.2934,2.0413,6.2407,2.1286,6.2807,2.0993,6.2470,2.0735,6.2745,2.1444,6.2583,2.1096,6.1968,2.2242,6.2047,2.1668,6.3058,2.0450,6.2791,2.0942,6.5753,2.0701,6.2252,2.1544,6.6443,2.3719,6.3673,2.5482,6.1261,2.3329,6.2387,2.1269,6.1493,2.3335,6.2126,2.1233,6.2611,2.1146,6.3224,2.0082,6.0888,2.2206,6.3738,2.1771,6.5772,2.0117,6.2750,2.0659,6.2576,2.1356,6.2239,2.1759,6.1715,2.2597,6.2408,2.1286,6.2335,2.0860,6.2541,2.0802,6.3574,2.1044,6.1788,2.1934,6.1849,2.1350,6.1244,2.3173,6.2476,2.0622,6.2718,2.1297,6.2525,2.0785,6.2410,2.1295,6.4102,2.1071,6.2389,2.3753,6.2636,2.0948,6.2453,2.1393,6.1620,2.1492,6.5781,2.1473,6.1265,2.1071,6.2241,2.1353,6.241006,2.129519,27.600000
76,6.3201,2.1152,6.3896,2.2480,6.2623,2.1156,6.4104,2.1727,6.2439,2.1246,6.2353,2.1151,6.2703,2.1073,6.2093,2.4288,6.5184,2.2524,6.2344,2.1371,6.1882,2.2426,6.1816,2.1905,6.2810,2.0774,6.2898,2.0843,6.4760,2.0877,6.2391,2.1325,6.3251,2.1801,6.3554,2.5086,6.1012,2.3772,6.1483,2.0263,6.2561,2.0958,6.2138,2.1236,6.2531,2.1205,6.2801,2.0713,6.1565,2.1801,6.4003,2.1865,6.4084,2.0709,6.2828,2.0512,6.2607,2.1367,6.1257,2.4414,6.1199,2.3563,6.2417,2.1320,6.2312,2.0731,6.2450,2.1146,6.5195,2.0695,6.1865,2.1856,6.1290,2.1404,6.2110,2.1779,6.2427,2.1119,6.4849,2.1313,6.2602,2.0442,6.2410,2.1295,6.4574,2.1009,6.2391,2.3484,6.2546,2.1087,6.4045,2.5071,6.0052,2.1883,6.3323,2.1343,6.2077,2.1230,6.2028,2.1426,6.241006,2.129519,27.600000
78,6.3205,2.1152,6.4553,2.3004,6.1224,2.2068,6.3109,2.1474,6.3177,2.0004,6.2419,2.1317,6.2626,2.1131,6.2155,2.3703,6.3632,2.1836,6.3019,2.0593,6.2155,2.1842,6.1818,2.1904,6.2951,2.0590,6.3291,2.0478,6.6346,2.0595,6.2267,2.1521,6.4311,2.2437,6.3088,2.3542,6.1340,2.3190,6.2504,2.1400,6.1189,2.4012,6.2084,2.1224,6.2800,2.1005,6.2644,2.0947,6.1361,2.1923,6.3728,2.1767,6.3664,2.0856,6.2473,2.1177,6.2486,2.1323,6.0129,2.7463,6.1401,2.3184,6.2500,2.1631,6.2379,2.1118,6.2489,2.0998,6.2950,2.1179,6.1985,2.1732,6.1238,2.1409,6.1100,2.3406,6.2467,2.0716,6.3451,2.1303,6.2555,2.0649,6.2410,2.1295,6.2551,2.1276,6.2376,2.5255,6.2479,2.1190,6.2690,2.1942,6.2402,2.1297,6.3335,2.1344,6.1187,2.1056,6.2121,2.1394,6.241006,2.129519,27.600000
80,6.3572,2.1085,6.4085,2.2631,6.1682,2.1770,6.4212,2.1755,6.2836,2.0578,6.2391,2.1247,6.2649,2.1114,6.2308,2.2256,6.4606,2.2267,6.2661,2.1006,6.1944,2.2294,6.2145,2.1568,6.2670,2.0956,6.3342,2.0432,6.4853,2.0861,6.2271,2.1513,6.4069,2.2292,6.2889,2.2883,6.1469,2.2961,6.1897,2.0724,6.1537,2.3239,6.2201,2.1249,6.2425,2.1284,6.2967,2.0465,6.1141,2.2054,6.4250,2.1954,6.2022,2.1431,6.3120,1.9966,6.2666,2.1389,6.1648,2.3356,6.1211,2.3541,6.2462,2.1489,6.2336,2.0869,6.2522,2.0873,6.5115,2.0712,6.2219,2.1492,6.1445,2.1389,6.0458,2.4439,6.2494,2.0445,6.4818,2.1313,6.2468,2.1037,6.2410,2.1295,6.2577,2.1273,6.2399,2.2572,6.2619,2.0975,6.2766,2.2118,5.9899,2.1921,6.4061,2.1382,6.1043,2.1028,6.2308,2.1330,6.241006,2.129519,27.600000
82,6.3255,2.1143,6.4187,2.2712,6.1903,2.1626,6.1958,2.1180,6.2882,2.0501,6.2361,2.1171,6.3021,2.0831,6.2300,2.2336,6.4673,2.2297,6.2913,2.0715,6.2096,2.1969,6.2072,2.1643,6.2895,2.0664,6.2676,2.1049,6.6579,2.0554,6.2335,2.1414,6.3502,2.1951,6.3047,2.3407,6.1437,2.3018,6.2170,2.1028,6.2082,2.2024,6.2364,2.1285,6.2653,2.1115,6.2343,2.1396,6.0642,2.2353,6.4598,2.2078,6.4716,2.0487,6.2513,2.1102,6.2415,2.1297,6.1825,2.2877,6.0954,2.4023,6.2445,2.1426,6.2313,2.0735,6.2448,2.1150,6.2497,2.1276,6.1019,2.2725,6.1509,2.1383,6.2727,2.0785,6.2454,2.0854,6.5988,2.1321,6.2685,2.0070,6.2410,2.1295,6.4305,2.1044,6.2383,2.4427,6.2634,2.0952,6.3351,2.3469,6.1104,2.1621,6.2849,2.1318,6.2749,2.1362,6.2057,2.1416,6.241006,2.129519,27.600000
84,6.2843,2.1217,6.3165,2.1897,6.1185,2.2093,6.3342,2.1533,6.2667,2.0863,6.2404,2.1280,6.2555,2.1185,6.2310,2.2235,6.3497,2.1776,6.2919,2.0708,6.2117,2.1923,6.1901,2.1819,6.2167,2.1612,6.3760,2.0044,6.4519,2.0920,6.2290,2.1485,6.3972,2.2234,6.3022,2.3324,6.0999,2.3794,6.1771,2.0583,6.1335,2.3687,6.1803,2.1163,6.2681,2.1094,6.2996,2.0422,6.1765,2.1681,6.4693,2.2112,6.6113,1.9997,6.2820,2.0528,6.2551,2.1347,6.2243,2.1748,6.1369,2.3245,6.2486,2.1576,6.2301,2.0666,6.2523,2.0868,6.3991,2.0955,6.1493,2.2238,6.1250,2.1408,5.9871,2.5385,6.2521,2.0171,6.2566,2.1296,6.2457,2.1086,6.2410,2.1295,6.3101,2.1204,6.2385,2.4195,6.2600,2.1004,6.3156,2.3017,6.1765,2.1456,6.4568,2.1409,6.1585,2.1134,6.2195,2.1369,6.241006,2.129519,27.600000
86,6.4010,2.1006,6.3979,2.2546,6.1866,2.1649,6.3421,2.1553,6.2664,2.0869,6.2397,2.1261,6.2837,2.0971,6.2299,2.2338,6.4319,2.2140,6.2791,2.0856,6.2070,2.2024,6.2059,2.1656,6.3324,2.0104,6.2656,2.1068,6.4618,2.0902,6.2204,2.1619,6.4315,2.2440,6.3453,2.4750,6.1206,2.3427,6.1985,2.0822,6.0749,2.4993,6.2293,2.1270,6.2566,2.1179,6.2543,2.1097,6.1127,2.2062,6.3361,2.1636,6.5174,2.0326,6.2825,2.0518,6.2578,2.1357,6.0821,2.5593,6.1896,2.2258,6.2491,2.1597,6.2343,2.0908,6.2466,2.1084,6.3580,2.1043,6.2224,2.1486,6.2230,2.1313,6.2906,2.0496,6.2455,2.0838,6.8486,2.1339,6.2677,2.0108,6.2410,2.1295,6.4657,2.0998,6.2386,2.4145,6.2711,2.0833,6.3497,2.3806,6.2001,2.1397,6.3543,2.1355,6.0827,2.0985,6.2045,2.1420,6.241006,2.129519,27.600000
88,6.3983,2.1011,6.4253,2.2765,6.1926,2.1611,6.3386,2.1544,6.2810,2.0622,6.2364,2.1179,6.2856,2.0956,6.2253,2.2777,6.3295,2.1687,6.2409,2.1297,6.2018,2.2135,6.2092,2.1622,6.2863,2.0705,6.2793,2.0941,6.2748,2.1235,6.2376,2.1349,6.3601,2.2011,6.2927,2.3007,6.0725,2.4279,6.1991,2.0829,6.2099,2.1987,6.2331,2.1278,6.2501,2.1228,6.3013,2.0396,6.1506,2.1836,6.4832,2.2162,6.3232,2.1007,6.2488,2.1149,6.2602,2.1365,6.1107,2.4819,6.1029,2.3883,6.2521,2.1709,6.2430,2.1412,6.2483,2.1019,6.4368,2.0873,6.1649,2.2077,6.2396,2.1297,6.2331,2.1422,6.2422,2.1176,6.3267,2.1301,6.2509,2.0855,6.2410,2.1295,6.4005,2.1084,6.2393,2.3278,6.2496,2.1164,6.2865,2.2346,6.1355,2.1558,6.3798,2.1368,6.1895,2.1194,6.2369,2.1309,6.241006,2.129519,27.600000
90,6.2745,2.1235,6.5256,2.3564,6.1511,2.1881,6.3160,2.1486,6.2554,2.1052,6.2380,2.1218,6.2571,2.1173,6.2290,2.2428,6.4261,2.2115,6.2896,2.0735,6.1896,2.2397,6.1971,2.1746,6.3017,2.0504,6.3513,2.0273,6.6370,2.0591,6.2305,2.1460,6.3635,2.2031,6.3842,2.6042,6.1013,2.3769,6.2170,2.1028,6.0489,2.5571,6.2164,2.1242,6.2533,2.1204,6.2607,2.1001,6.1463,2.1862,6.3432,2.1661,6.3941,2.0759,6.2584,2.0969,6.2604,2.1366,6.1907,2.2655,6.1250,2.3467,6.2455,2.1464,6.2287,2.0586,6.2615,2.0522,6.4803,2.0780,6.1872,2.1849,6.0495,2.1481,6.1237,2.3185,6.2503,2.0356,6.4214,2.1308,6.2476,2.1000,6.2410,2.1295,6.4703,2.0992,6.2393,2.3339,6.2653,2.0922,6.3690,2.4250,6.1886,2.1426,6.4161,2.1387,6.1148,2.1048,6.2220,2.1360,6.241006,2.129519,27.600000
92,6.3814,2.1042,6.2583,2.1433,6.1911,2.1621,6.3211,2.1500,6.2642,2.0904,6.2376,2.1208,6.2821,2.0983,6.2223,2.3056,6.2663,2.1407,6.2615,2.1059,6.2381,2.1358,6.1928,2.1791,6.2891,2.0668,6.2615,2.1105,6.3410,2.1117,6.2293,2.1480,6.5956,2.3426,6.3071,2.3485,6.2130,2.1792,6.1361,2.0127,6.2231,2.1693,6.1991,2.1204,6.2641,2.1124,6.2943,2.0501,6.0811,2.2252,6.5206,2.2296,6.3468,2.0924,6.2601,2.0937,6.2526,2.1338,6.2427,2.1251,6.1345,2.3290,6.2468,2.1511,6.2339,2.0885,6.2424,2.1244,6.2705,2.1232,6.1556,2.2173,6.2308,2.1305,6.1179,2.3278,6.2473,2.0661,6.4668,2.1311,6.2644,2.0256,6.2410,2.1295,6.3875,2.1101,6.2388,2.3918,6.2395,2.1318,6.2895,2.2415,6.1789,2.1450,6.3724,2.1364,6.1607,2.1138,6.1829,2.1494,6.241006,2.129519,27.600000
94,6.3061,2.1178,6.4524,2.2981,6.2235,2.1409,6.3578,2.1593,6.2905,2.0463,6.2382,2.1225,6.2813,2.0990,6.2271,2.2608,6.4987,2.2436,6.2838,2.0802,6.1854,2.2487,6.1734,2.1990,6.2849,2.0723,6.3221,2.0544,6.4776,2.0874,6.2356,2.1380,6.3174,2.1754,6.3988,2.6523,6.0716,2.4296,6.1955,2.0788,6.0188,2.6240,6.2339,2.1280,6.2557,2.1186,6.2856,2.0631,6.2092,2.1486,6.4917,2.2193,6.2954,2.1105,6.2756,2.0648,6.2402,2.1292,6.0541,2.6349,6.1553,2.2901,6.2492,2.1601,6.2364,2.1030,6.2493,2.0983,6.4581,2.0827,6.1223,2.2515,6.1429,2.1391,6.1513,2.2740,6.2434,2.1051,6.4447,2.1310,6.2487,2.0952,6.2410,2.1295,6.3256,2.1183,6.2399,2.2569,6.2804,2.0691,6.2791,2.2176,6.1409,2.1545,6.4305,2.1395,6.1361,2.1090,6.2522,2.1257,6.241006,2.129519,27.600000
96,6.3186,2.1155,6.4445,2.2918,6.1544,2.1860,6.4797,2.1904,6.2762,2.0703,6.2393,2.1253,6.2333,2.1354,6.2197,2.3304,6.2862,2.1495,6.2603,2.1072,6.2284,2.1566,6.2044,2.1671,6.3338,2.0086,6.3062,2.0690,6.4510,2.0922,6.2377,2.1347,6.5867,2.3373,6.3012,2.3291,6.2103,2.1839,6.1892,2.0718,6.1837,2.2570,6.1937,2.1192,6.2447,2.1268,6.2839,2.0656,6.0017,2.2727,6.5409,2.2369,6.5637,2.0164,6.2569,2.0998,6.2563,2.1351,6.2635,2.0687,6.1911,2.2230,6.2469,2.1514,6.2276,2.0521,6.2517,2.0893,6.3669,2.1024,6.2155,2.1557,6.0710,2.1460,6.1692,2.2451,6.2457,2.0820,6.4315,2.1309,6.2542,2.0708,6.2410,2.1295,6.4710,2.0991,6.2389,2.3814,6.2566,2.1056,6.3506,2.3827,6.1992,2.1399,6.4692,2.1415,6.1504,2.1118,6.2010,2.1432,6.241006,2.129519,27.600000
98,6.3432,2.1111,6.3080,2.1830,6.1351,2.1985,6.3212,2.1500,6.2632,2.0922,6.2363,2.1176,6.2835,2.0973,6.2356,2.1803,6.4540,2.2238,6.2849,2.0789,6.2069,2.2027,6.2210,2.1501,6.3020,2.0500,6.2865,2.0873,6.3377,2.1123,6.2342,2.1402,6.4154,2.2343,6.3194,2.3894,6.1185,2.3465,6.1549,2.0336,6.1201,2.3986,6.1766,2.1155,6.2819,2.0991,6.2377,2.1345,6.1250,2.1989,6.3432,2.1661,6.4603,2.0526,6.2658,2.0832,6.2534,2.1341,6.1007,2.5090,6.1938,2.2180,6.2525,2.1721,6.2349,2.0944,6.2441,2.1178,6.3642,2.1030,6.1408,2.2326,6.1358,2.1397,6.1644,2.2529,6.2413,2.1265,6.6481,2.1324,6.2622,2.0350,6.2410,2.1295,6.2942,2.1225,6.2397,2.2795,6.2405,2.1302,6.2419,2.1317,6.2750,2.1210,6.2503,2.1300,6.1864,2.1188,6.1871,2.1479,6.241006,2.129519,27.600000
100,6.2951,2.1198,6.4407,2.2887,6.1629,2.1804,6.3156,2.1486,6.2901,2.0468,6.2414,2.1305,6.2812,2.0990,6.2231,2.2986,6.2829,2.1481,6.2812,2.0832,6.2172,2.1806,6.2378,2.1328,6.2803,2.0783,6.2768,2.0963,6.4922,2.0848,6.2220,2.1594,6.4983,2.2841,6.3612,2.5277,6.0932,2.3914,6.1824,2.0642,6.1884,2.2465,6.2307,2.1273,6.2499,2.1229,6.2987,2.0435,6.1912,2.1593,6.2299,2.1256,6.3089,2.1057,6.2853,2.0466,6.2636,2.1378,6.1388,2.4058,6.0194,2.5447,6.2483,2.1567,6.2417,2.1335,6.2506,2.0932,6.4540,2.0836,6.1554,2.2175,6.1613,2.1373,6.0398,2.4536,6.2503,2.0353,6.5777,2.1319,6.2542,2.0709,6.2410,2.1295,6.3449,2.1158,6.2397,2.2830,6.2721,2.0818,6.3472,2.3749,6.2019,2.1393,6.6579,2.1515,6.1523,2.1122,6.2353,2.1315,6.241006,2.129519,27.600000
102,6.3046,2.1180,6.2252,2.1169,6.1560,2.1849,6.4279,2.1772,6.2572,2.1023,6.2361,2.1170,6.2433,2.1278,6.2388,2.1506,6.5394,2.2616,6.2745,2.0909,6.2194,2.1757,6.2010,2.1706,6.2922,2.0629,6.3498,2.0287,6.6113,2.0636,6.2389,2.1328,6.4833,2.2751,6.3486,2.4862,6.0397,2.4860,6.2035,2.0878,6.2032,2.2136,6.1902,2.1184,6.2505,2.1224,6.2949,2.0493,6.1391,2.1905,6.3959,2.1849,6.3307,2.0981,6.2681,2.0788,6.2616,2.1371,6.2108,2.2113,6.2592,2.0955,6.2512,2.1674,6.2285,2.0571,6.2499,2.0958,6.4359,2.0875,6.1662,2.2064,6.1188,2.1414,6.0940,2.3664,6.2430,2.1096,6.4322,2.1309,6.2565,2.0605,6.2410,2.1295,6.4001,2.1085,6.2408,2.1514,6.2555,2.1073,6.2874,2.2366,6.1395,2.1548,6.3628,2.1359,6.1448,2.1107,6.1826,2.1495,6.241006,2.129519,27.600000
104,6.3387,2.1119,6.4681,2.3106,6.1936,2.1604,6.2947,2.1432,6.2483,2.1172,6.2402,2.1274,6.2800,2.0999,6.2354,2.1827,6.2816,2.1475,6.3012,2.0601,6.1851,2.2494,6.2230,2.1480,6.2717,2.0895,6.2389,2.1315,6.6389,2.0587,6.2358,2.1377,6.3740,2.2095,6.3562,2.5112,6.0690,2.4342,6.1650,2.0448,6.0916,2.4621,6.2246,2.1259,6.2832,2.0982,6.2741,2.0802,6.1854,2.1628,6.4033,2.1876,6.4655,2.0508,6.2734,2.0689,6.2603,2.1366,6.0465,2.6556,6.1866,2.2314,6.2464,2.1496,6.2357,2.0990,6.2545,2.0786,6.2217,2.1337,6.1486,2.2245,6.1814,2.1353,6.1844,2.2208,6.2486,2.0522,6.5054,2.1314,6.2574,2.0564,6.2410,2.1295,6.3453,2.1157,6.2388,2.3878,6.2585,2.1027,6.3346,2.3457,6.0332,2.1813,6.3566,2.1356,6.1965,2.1208,6.2286,2.1337,6.241006,2.129519,27.600000
106,6.4078,2.0994,6.4306,2.2807,6.1465,2.1911,6.3205,2.1498,6.3272,1.9844,6.2378,2.1213,6.2589,2.1159,6.2276,2.2559,6.3535,2.1793,6.2338,2.1378,6.2031,2.2107,6.1956,2.1762,6.2848,2.0725,6.3085,2.0669,6.5011,2.0833,6.2191,2.1639,6.4060,2.2287,6.3273,2.4154,6.2445,2.1233,6.2003,2.0841,6.1234,2.3912,6.1975,2.1200,6.2659,2.1110,6.2627,2.0972,6.1741,2.1695,6.4513,2.2048,6.4126,2.0694,6.2565,2.1006,6.2487,2.1323,6.0955,2.5229,6.1022,2.3895,6.2485,2.1573,6.2332,2.0843,6.2460,2.1107,6.5246,2.0684,6.1638,2.2089,6.1808,2.1354,6.1073,2.3449,6.2455,2.0842,6.4064,2.1307,6.2568,2.0592,6.2410,2.1295,6.4894,2.0967,6.2401,2.2351,6.2722,2.0816,6.3442,2.3677,6.1592,2.1499,6.4379,2.1399,6.2014,2.1218,6.2094,2.1403,6.241006,2.129519,27.600000
108,6.2866,2.1213,6.4515,2.2973,6.1920,2.1614,6.3194,2.1495,6.2692,2.0821,6.2388,2.1238,6.2588,2.1160,6.2224,2.3048,6.4967,2.2428,6.3135,2.0459,6.2327,2.1474,6.1815,2.1906,6.2482,2.1201,6.2903,2.0838,6.6330,2.0598,6.2317,2.1441,6.3029,2.1667,6.2664,2.2136,6.1205,2.3429,6.2087,2.0935,6.2533,2.1022,6.2036,2.1214,6.2494,2.1232,6.2874,2.0604,6.1276,2.1973,6.3815,2.1798,6.4894,2.0424,6.2663,2.0821,6.2626,2.1374,6.1345,2.4176,6.1520,2.2963,6.2431,2.1375,6.2371,2.1069,6.2516,2.0896,6.4792,2.0782,6.1932,2.1786,6.1101,2.1422,6.2032,2.1905,6.2456,2.0833,6.7880,2.1335,6.2488,2.0949,6.2410,2.1295,6.2669,2.1261,6.2393,2.3335,6.2498,2.1161,6.2679,2.1916,6.1411,2.1544,6.4522,2.1406,6.2338,2.1281,6.2166,2.1379,6.241006,2.129519,27.600000
110,6.3540,2.1091,6.4062,2.2612,6.1495,2.1891,6.3564,2.1590,6.2834,2.0581,6.2381,2.1221,6.2738,2.1046,6.2219,2.3093,6.2373,2.1279,6.2572,2.1109,6.2057,2.2052,6.2219,2.1491,6.3138,2.0346,6.2449,2.1259,6.4694,2.0889,6.2374,2.1352,6.5038,2.2875,6.3620,2.5306,6.0590,2.4518,6.1979,2.0815,6.0965,2.4510,6.1964,2.1198,6.2571,2.1176,6.2741,2.0801,6.0853,2.2227,6.2369,2.1281,6.3300,2.0983,6.2642,2.0862,6.2464,2.1315,6.1231,2.4483,6.1318,2.3341,6.2476,2.1539,6.2396,2.1214,6.2461,2.1102,6.4179,2.0914,6.1463,2.2268,6.2099,2.1325,6.0792,2.3902,6.2453,2.0864,6.4796,2.1312,6.2529,2.0765,6.2410,2.1295,6.3409,2.1163,6.2396,2.2923,6.2685,2.0873,6.3206,2.3133,6.2203,2.1347,6.5070,2.1435,6.0801,2.0980,6.2236,2.1355,6.241006,2.129519,27.600000
112,6.2974,2.1193,6.3836,2.2432,6.2121,2.1484,6.3826,2.1656,6.2651,2.0890,6.2399,2.1268,6.2853,2.0959,6.2418,2.1219,6.3532,2.1792,6.2918,2.0709,6.2192,2.1763,6.2124,2.1589,6.2599,2.1049,6.3113,2.0643,6.4724,2.0883,6.2294,2.1478,6.6639,2.3836,6.3203,2.3924,6.1844,2.2298,6.1970,2.0805,6.1517,2.3282,6.2221,2.1254,6.2748,2.1044,6.2637,2.0958,6.1570,2.1798,6.6030,2.2591,6.4463,2.0575,6.2689,2.0772,6.2713,2.1406,6.1866,2.2767,6.0604,2.4678,6.2480,2.1555,6.2359,2.0997,6.2554,2.0751,6.2955,2.1178,6.1580,2.2148,6.1877,2.1347,6.1551,2.2679,6.2420,2.1199,6.5689,2.1319,6.2588,2.0502,6.2410,2.1295,6.4858,2.0971,6.2391,2.3511,6.2535,2.1103,6.2758,2.2100,6.1368,2.1555,6.3012,2.1327,6.1691,2.1154,6.2172,2.1377,6.241006,2.129519,27.600000
114,6.3746,2.1054,6.3857,2.2449,6.2337,2.1343,6.3444,2.1559,6.3075,2.0177,6.2387,2.1236,6.2918,2.0910,6.2113,2.4092,6.4422,2.2186,6.3348,2.0213,6.1958,2.2264,6.2136,2.1577,6.3286,2.0154,6.3611,2.0182,6.6445,2.0577,6.2284,2.1494,6.2686,2.1461,6.3304,2.4258,6.1370,2.3137,6.2131,2.0984,6.2238,2.1678,6.1957,2.1196,6.2691,2.1086,6.2850,2.0639,6.1039,2.2115,6.2139,2.1198,6.3554,2.0894,6.2705,2.0744,6.2468,2.1316,6.1593,2.3505,6.2079,2.1916,6.2454,2.1459,6.2372,2.1076,6.2537,2.0816,6.2918,2.1186,6.1847,2.1874,6.2216,2.1314,6.1916,2.2091,6.2459,2.0799,6.4681,2.1312,6.2554,2.0653,6.2410,2.1295,6.3930,2.1094,6.2400,2.2484,6.2550,2.1081,6.3476,2.3758,6.0651,2.1734,6.3893,2.1373,6.2111,2.1237,6.2367,2.1310,6.241006,2.129519,27.600000
116,6.3385,2.1119,6.3938,2.2513,6.1483,2.1899,6.4447,2.1815,6.2491,2.1158,6.2390,2.1244,6.2698,2.1076,6.2285,2.2477,6.2855,2.1492,6.2663,2.1003,6.2026,2.2119,6.2128,2.1585,6.2654,2.0978,6.2798,2.0936,6.3884,2.1033,6.2241,2.1561,6.4928,2.2808,6.2600,2.1925,6.1082,2.3647,6.1666,2.0466,6.1887,2.2460,6.2385,2.1290,6.2659,2.1110,6.2725,2.0826,6.0392,2.2503,6.2789,2.1431,6.5427,2.0238,6.2791,2.0582,6.2617,2.1371,6.1937,2.2574,6.1076,2.3795,6.2456,2.1466,6.2365,2.1034,6.2460,2.1105,6.4197,2.0910,6.2117,2.1596,6.1451,2.1388,6.1770,2.2326,6.2422,2.1171,6.6264,2.1323,6.2557,2.0640,6.2410,2.1295,6.3316,2.1175,6.2393,2.3330,6.2568,2.1052,6.2754,2.2090,6.1616,2.1493,6.2402,2.1295,6.2494,2.1312,6.2032,2.1424,6.241006,2.129519,27.600000
118,6.3348,2.1126,6.3618,2.2258,6.1875,2.1644,6.3575,2.1592,6.2744,2.0734,6.2369,2.1191,6.2305,2.1375,6.2166,2.3593,6.5544,2.2683,6.2923,2.0704,6.2097,2.1967,6.2101,2.1613,6.2846,2.0727,6.3376,2.0399,6.3393,2.1120,6.2299,2.1469,6.5121,2.2924,6.4028,2.6659,6.1044,2.3714,6.1884,2.0709,6.0922,2.4606,6.1725,2.1146,6.2528,2.1208,6.2778,2.0747,6.1607,2.1776,6.5805,2.2510,6.3641,2.0864,6.2716,2.0722,6.2561,2.1350,6.0499,2.6463,6.1818,2.2404,6.2464,2.1495,6.2281,2.0550,6.2515,2.0898,6.4474,2.0850,6.1682,2.2044,6.1446,2.1389,6.1173,2.3288,6.2499,2.0398,6.4651,2.1311,6.2486,2.0959,6.2410,2.1295,6.4672,2.0996,6.2399,2.2631,6.2667,2.0902,6.3383,2.3542,6.1696,2.1473,6.4657,2.1414,6.0873,2.0994,6.2330,2.1323,6.241006,2.129519,27.600000
120,6.2788,2.1227,6.3540,2.2197,6.1115,2.2139,6.3754,2.1638,6.2730,2.0756,6.2388,2.1240,6.2818,2.0985,6.2321,2.2133,6.2693,2.1421,6.2565,2.1117,6.1990,2.2195,6.1771,2.1952,6.2790,2.0800,6.3113,2.0643,6.6296,2.0604,6.2346,2.1397,6.3228,2.1787,6.4027,2.6653,6.1705,2.2543,6.2104,2.0954,6.1850,2.2541,6.2209,2.1251,6.2652,2.1115,6.2736,2.0809,6.1242,2.1994,6.4043,2.1880,6.3126,2.1044,6.2541,2.1050,6.2597,2.1364,6.2182,2.1912,6.2147,2.1789,6.2492,2.1600,6.2350,2.0948,6.2514,2.0901,6.4912,2.0756,6.0863,2.2886,6.1391,2.1394,6.1207,2.3232,6.2436,2.1037,6.7009,2.1328,6.2682,2.0084,6.2410,2.1295,6.3676,2.1128,6.2406,2.1798,6.2506,2.1148,6.3246,2.3226,6.0740,2.1712,6.4812,2.1422,6.2162,2.1247,6.2337,2.1320,6.241006,2.129519,27.600000
122,6.2720,2.1239,6.4693,2.3116,6.2106,2.1493,6.2666,2.1360,6.2817,2.0611,6.2369,2.1190,6.2395,2.1307,6.2300,2.2335,6.4243,2.2107,6.2910,2.0718,6.2442,2.1226,6.1837,2.1884,6.2627,2.1012,6.3177,2.0584,6.4507,2.0922,6.2236,2.1569,6.4799,2.2731,6.2771,2.2492,6.1107,2.3602,6.1953,2.0787,6.1778,2.2701,6.2495,2.1314,6.2452,2.1264,6.2511,2.1145,6.1260,2.1983,6.4485,2.2038,6.3353,2.0965,6.2667,2.0815,6.2416,2.1297,6.1374,2.4096,6.1157,2.3642,6.2446,2.1429,6.2372,2.1077,6.2471,2.1067,6.3651,2.1028,6.1818,2.1904,6.1146,2.1418,6.0729,2.4003,6.2495,2.0433,6.5406,2.1317,6.2456,2.1090,6.2410,2.1295,6.5204,2.0926,6.2383,2.4455,6.2502,2.1153,6.3375,2.3524,6.0776,2.1703,6.2765,2.1314,6.2088,2.1232,6.2218,2.1361,6.241006,2.129519,27.600000
124,6.3946,2.1018,6.3987,2.2553,6.1463,2.1912,6.3363,2.1538,6.2758,2.0710,6.2391,2.1247,6.2667,2.1100,6.2135,2.3892,6.4158,2.2069,6.3222,2.0359,6.1846,2.2504,6.1818,2.1904,6.3337,2.0087,6.3531,2.0256,6.4439,2.0934,6.2370,2.1358,6.2017,2.1059,6.3261,2.4114,6.0564,2.4564,6.1960,2.0794,6.1975,2.2264,6.2149,2.1238,6.2583,2.1166,6.2872,2.0607,6.1440,2.1875,6.4926,2.2196,6.4454,2.0579,6.2681,2.0787,6.2632,2.1376,6.1417,2.3981,6.1204,2.3554,6.2479,2.1552,6.2292,2.0612,6.2492,2.0985,6.3900,2.0974,6.1407,2.2326,6.0809,2.1451,6.1093,2.3417,6.2462,2.0769,6.2343,2.1295,6.2484,2.0965,6.2410,2.1295,6.2968,2.1221,6.2395,2.3077,6.2667,2.0901,6.3111,2.2913,6.2173,2.1354,6.4824,2.1422,6.0965,2.1012,6.1923,2.1462,6.241006,2.129519,27.600000
126,6.4370,2.0941,6.3605,2.2248,6.1777,2.1707,6.2513,2.1322,6.3041,2.0234,6.2386,2.1235,6.2691,2.1081,6.2386,2.1526,6.5001,2.2442,6.2547,2.1138,6.2310,2.1510,6.2239,2.1471,6.2805,2.0780,6.2388,2.1316,6.5580,2.0731,6.2234,2.1572,6.5224,2.2986,6.2791,2.2558,6.2355,2.1392,6.2241,2.1107,6.1021,2.4387,6.2114,2.1231,6.2577,2.1171,6.2804,2.0708,6.0541,2.2413,6.3373,2.1640,6.5086,2.0357,6.2596,2.0947,6.2546,2.1345,6.1312,2.4264,6.1443,2.3106,6.2468,2.1512,6.2335,2.0864,6.2593,2.0605,6.3503,2.1060,6.1643,2.2084,6.1156,2.1417,6.2559,2.1055,6.2501,2.0371,6.4591,2.1311,6.2489,2.0944,6.2410,2.1295,6.3282,2.1180,6.2396,2.2989,6.2637,2.0947,6.2959,2.2562,6.1700,2.1472,6.2864,2.1319,6.1786,2.1173,6.2221,2.1360,6.241006,2.129519,27.600000
128,6.2841,2.1217,6.3858,2.2450,6.2039,2.1537,6.3674,2.1618,6.2784,2.0667,6.2381,2.1222,6.2796,2.1002,6.2332,2.2031,6.4567,2.2250,6.2723,2.0934,6.2170,2.1810,6.2001,2.1716,6.2705,2.0910,6.3385,2.0392,6.6035,2.0650,6.2365,2.1365,6.4316,2.2441,6.2646,2.2076,6.1756,2.2453,6.1696,2.0499,6.1558,2.3192,6.1915,2.1187,6.2523,2.1211,6.2726,2.0825,6.1151,2.2048,6.5750,2.2491,6.3440,2.0934,6.2758,2.0644,6.2586,2.1360,6.2403,2.1313,6.1879,2.2290,6.2412,2.1304,6.2428,2.1396,6.2412,2.1290,6.4221,2.0905,6.1203,2.2536,6.1545,2.1379,6.0832,2.3837,6.2435,2.1041,6.5466,2.1317,6.2635,2.0294,6.2410,2.1295,6.3599,2.1138,6.2400,2.2535,6.2480,2.1187,6.2997,2.2650,6.1421,2.1542,6.5560,2.1461,6.1365,2.1091,6.2234,2.1355,6.241006,2.129519,27.600000
130,6.3012,2.1187,6.3388,2.2075,6.1466,2.1910,6.4515,2.1832,6.2767,2.0695,6.2391,2.1248,6.2531,2.1203,6.2135,2.3884,6.2351,2.1269,6.2744,2.0910,6.1896,2.2396,6.1822,2.1899,6.2890,2.0670,6.3683,2.0115,6.3417,2.1116,6.2357,2.1379,6.4016,2.2260,6.3644,2.5384,6.1570,2.2784,6.2314,2.1189,6.1329,2.3701,6.2137,2.1236,6.2711,2.1071,6.2879,2.0596,6.1071,2.2096,6.4722,2.2123,6.4353,2.0614,6.2863,2.0447,6.2587,2.1360,6.1537,2.3656,6.1296,2.3383,6.2431,2.1375,6.2308,2.0707,6.2471,2.1066,6.4412,2.0864,6.1651,2.2075,6.1241,2.1409,6.2308,2.1459,6.2502,2.0360,6.4407,2.1310,6.2590,2.0495,6.2410,2.1295,6.5265,2.0917,6.2386,2.4122,6.2490,2.1172,6.3392,2.3564,6.0680,2.1727,6.3255,2.1340,6.2305,2.1275,6.2265,2.1345,6.241006,2.129519,27.600000
132,6.3325,2.1130,6.3413,2.2095,6.1765,2.1716,6.3459,2.1563,6.2734,2.0751,6.2390,2.1244,6.2558,2.1183,6.2344,2.1914,6.5288,2.2569,6.2913,2.0715,6.2032,2.2106,6.2670,2.1028,6.3247,2.0205,6.2552,2.1163,6.3505,2.1100,6.2316,2.1443,6.3687,2.2062,6.4218,2.7286,6.0886,2.3993,6.2027,2.0868,6.0604,2.5315,6.2201,2.1250,6.2405,2.1299,6.2934,2.0515,6.1740,2.1696,6.5295,2.2328,6.4512,2.0559,6.2687,2.0777,6.2524,2.1337,6.1920,2.2619,6.1624,2.2768,6.2466,2.1505,6.2305,2.0687,6.2509,2.0922,6.4354,2.0876,6.1772,2.1951,6.1885,2.1346,6.0594,2.4220,6.2486,2.0527,6.7276,2.1330,6.2560,2.0630,6.2410,2.1295,6.1632,2.1398,6.2397,2.2782,6.2814,2.0675,6.3401,2.3584,6.1603,2.1496,6.5521,2.1459,6.2481,2.1309,6.2226,2.1358,6.241006,2.129519,27.600000
134,6.2902,2.1206,6.3880,2.2467,6.2265,2.1390,6.3020,2.1451,6.2608,2.0961,6.2385,2.1231,6.2721,2.1059,6.2181,2.3459,6.5266,2.2560,6.2725,2.0932,6.2308,2.1513,6.1842,2.1879,6.3040,2.0474,6.3210,2.0554,6.4677,2.0892,6.2312,2.1450,6.3691,2.2065,6.2202,2.0604,6.1981,2.2054,6.2106,2.0957,6.2325,2.1484,6.2087,2.1225,6.2584,2.1166,6.2634,2.0962,6.1162,2.2042,6.2678,2.1391,6.3906,2.0771,6.2582,2.0974,6.2492,2.1325,6.1619,2.3434,6.2065,2.1942,6.2445,2.1426,6.2397,2.1217,6.2525,2.0862,6.3335,2.1096,6.1024,2.2720,6.1276,2.1405,6.1792,2.2290,6.2504,2.0345,6.2593,2.1297,6.2504,2.0875,6.2410,2.1295,6.4356,2.1038,6.2394,2.3142,6.2486,2.1179,6.3172,2.3054,6.1501,2.1522,6.3273,2.1341,6.0460,2.0913,6.2356,2.1314,6.241006,2.129519,27.600000
136,6.3645,2.1072,6.3833,2.2430,6.1191,2.2090,6.3956,2.1689,6.2677,2.0845,6.2392,2.1250,6.2674,2.1095,6.2296,2.2374,6.3718,2.1874,6.3120,2.0476,6.1915,2.2356,6.2242,2.1467,6.2903,2.0652,6.2924,2.0819,6.5566,2.0734,6.2266,2.1521,6.3652,2.2041,6.4293,2.7535,6.0670,2.4377,6.1843,2.0663,6.1099,2.4213,6.2190,2.1247,6.2708,2.1073,6.2980,2.0446,6.1047,2.2111,6.3971,2.1854,6.4430,2.0587,6.2864,2.0446,6.2622,2.1373,6.1431,2.3943,6.1319,2.3339,6.2481,2.1559,6.2272,2.0496,6.2511,2.0915,6.3238,2.1117,6.2408,2.1298,6.2012,2.1334,6.0766,2.3943,6.2441,2.0982,6.5940,2.1321,6.2486,2.0956,6.2410,2.1295,6.2484,2.1285,6.2402,2.2247,6.2630,2.0957,6.3704,2.4282,6.1438,2.1538,6.4049,2.1382,6.2395,2.1292,6.2131,2.1391,6.241006,2.129519,27.600000
138,6.3373,2.1121,6.3870,2.2459,6.2085,2.1507,6.3813,2.1653,6.2660,2.0875,6.2390,2.1244,6.2923,2.0905,6.2288,2.2449,6.6016,2.2892,6.2522,2.1166,6.1889,2.2411,6.2116,2.1598,6.2527,2.1143,6.3224,2.0540,6.5734,2.0704,6.2329,2.1423,6.2580,2.1397,6.2654,2.2103,6.0992,2.3806,6.2265,2.1133,6.1564,2.3178,6.2011,2.1208,6.2483,2.1241,6.2686,2.0884,6.1952,2.1569,6.4873,2.2177,6.4180,2.0675,6.2907,2.0365,6.2432,2.1303,6.0950,2.5244,6.0393,2.5074,6.2459,2.1476,6.2294,2.0622,6.2522,2.0872,6.4114,2.0928,6.1269,2.2469,6.0966,2.1436,6.0202,2.4851,6.2502,2.0367,6.5916,2.1320,6.2562,2.0620,6.2410,2.1295,6.3796,2.1112,6.2383,2.4534,6.2672,2.0894,6.2728,2.2030,6.1287,2.1575,6.3561,2.1356,6.1315,2.1081,6.1932,2.1459,6.241006,2.129519,27.600000
140,6.3453,2.1107,6.3367,2.2058,6.2593,2.1176,6.4591,2.1852,6.2213,2.1626,6.2377,2.1211,6.2989,2.0856,6.2260,2.2714,6.4954,2.2421,6.2718,2.0940,6.2179,2.1791,6.2100,2.1613,6.2510,2.1166,6.3148,2.0611,6.3065,2.1179,6.2226,2.1584,6.6187,2.3564,6.3265,2.4129,6.1285,2.3287,6.1679,2.0481,6.0708,2.5084,6.2040,2.1214,6.2483,2.1241,6.2791,2.0727,6.1503,2.1838,6.3904,2.1830,6.2609,2.1226,6.2377,2.1357,6.2700,2.1401,6.1982,2.2451,6.0772,2.4364,6.2477,2.1545,6.2333,2.0850,6.2569,2.0696,6.4265,2.0896,6.1583,2.2146,6.1346,2.1399,6.2436,2.1253,6.2462,2.0764,6.5358,2.1316,6.2572,2.0574,6.2410,2.1295,6.3282,2.1180,6.2384,2.4318,6.2624,2.0968,6.4032,2.5040,6.2115,2.1369,6.5415,2.1454,6.1891,2.1194,6.2228,2.1358,6.241006,2.129519,27.600000
142,6.2557,2.1269,6.4456,2.2927,6.2032,2.1542,6.3531,2.1581,6.3338,1.9735,6.2378,2.1214,6.2246,2.1420,6.2422,2.1185,6.3898,2.1954,6.2672,2.0993,6.1915,2.2357,6.1827,2.1894,6.2803,2.0784,6.2852,2.0886,6.6628,2.0545,6.2375,2.1350,6.2673,2.1453,6.3361,2.4446,6.0629,2.4449,6.2091,2.0940,6.1234,2.3914,6.2240,2.1258,6.2715,2.1068,6.3227,2.0078,6.1565,2.1801,6.2932,2.1482,6.4722,2.0485,6.2599,2.0941,6.2519,2.1335,6.2499,2.1055,6.2015,2.2035,6.2427,2.1358,6.2317,2.0755,6.2513,2.0906,6.4174,2.0915,6.2166,2.1546,6.1189,2.1414,6.0309,2.4680,6.2483,2.0553,6.5096,2.1315,6.2606,2.0423,6.2410,2.1295,6.3946,2.1092,6.2393,2.3294,6.2489,2.1174,6.2841,2.2291,6.0632,2.1739,6.4514,2.1406,6.1286,2.1075,6.2212,2.1363,6.241006,2.129519,27.600000
144,6.3106,2.1170,6.3888,2.2473,6.1030,2.2195,6.2769,2.1387,6.3081,2.0166,6.2410,2.1296,6.2609,2.1144,6.2118,2.4045,6.3925,2.1966,6.2749,2.0904,6.2174,2.1800,6.2359,2.1348,6.3052,2.0458,6.2725,2.1003,6.3925,2.1026,6.2359,2.1375,6.5550,2.3182,6.3198,2.3906,6.2063,2.1910,6.2663,2.1577,6.1500,2.3319,6.2064,2.1220,6.2472,2.1249,6.3019,2.0388,6.0588,2.2385,6.5329,2.2340,6.3185,2.1024,6.2831,2.0506,6.2591,2.1361,6.0918,2.5330,6.1892,2.2266,6.2508,2.1660,6.2385,2.1152,6.2533,2.0832,6.3895,2.0975,6.0663,2.3091,6.1553,2.1379,6.2419,2.1280,6.2453,2.0864,6.6253,2.1323,6.2490,2.0939,6.2410,2.1295,6.3334,2.1173,6.2389,2.3769,6.2538,2.1098,6.3295,2.3338,6.1283,2.1576,6.2849,2.1318,6.1551,2.1127,6.1953,2.1451,6.241006,2.129519,27.600000
146,6.3567,2.1086,6.3839,2.2434,6.1893,2.1632,6.3420,2.1553,6.2442,2.1241,6.2367,2.1186,6.3246,2.0660,6.2336,2.1993,6.4092,2.2040,6.3079,2.0523,6.2059,2.2048,6.1864,2.1856,6.2789,2.0801,6.3582,2.0209,6.4530,2.0918,6.2369,2.1360,6.3379,2.1877,6.4688,2.8846,6.0619,2.4467,6.1435,2.0209,6.0619,2.5281,6.2097,2.1227,6.2481,2.1243,6.2834,2.0663,6.1053,2.2107,6.3097,2.1541,6.4441,2.0583,6.2362,2.1385,6.2646,2.1382,6.2422,2.1262,6.1672,2.2677,6.2442,2.1414,6.2295,2.0633,6.2441,2.1179,6.3875,2.0979,6.2376,2.1331,6.1717,2.1363,6.2643,2.0919,6.2472,2.0670,6.4401,2.1310,6.2594,2.0479,6.2410,2.1295,6.2067,2.1341,6.2395,2.3064,6.2750,2.0774,6.3046,2.2764,6.1942,2.1412,6.5356,2.1450,6.1641,2.1145,6.2205,2.1365,6.241006,2.129519,27.600000
148,6.3271,2.1140,6.2748,2.1565,6.1777,2.1708,6.3309,2.1524,6.2863,2.0533,6.2407,2.1289,6.2311,2.1370,6.2299,2.2338,6.5455,2.2643,6.2656,2.1012,6.2168,2.1814,6.2093,2.1621,6.2885,2.0677,6.2739,2.0990,6.4289,2.0961,6.2359,2.1375,6.3368,2.1871,6.3614,2.5286,6.1189,2.3458,6.1701,2.0505,6.1749,2.2766,6.1872,2.1178,6.2748,2.1044,6.3023,2.0383,6.2317,2.1351,6.3408,2.1653,6.5201,2.0317,6.2710,2.0734,6.2460,2.1314,6.1643,2.3370,6.1567,2.2874,6.2490,2.1592,6.2311,2.0721,6.2568,2.0698,6.3983,2.0956,6.1017,2.2727,6.1167,2.1416,6.0697,2.4055,6.2471,2.0675,6.3334,2.1302,6.2623,2.0349,6.2410,2.1295,6.4974,2.0956,6.2401,2.2389,6.2599,2.1005,6.3985,2.4933,6.0314,2.1818,6.2996,2.1326,6.1485,2.1114,6.2027,2.1426,6.241006,2.129519,27.600000
150,6.3704,2.1062,6.3783,2.2390,6.1531,2.1868,6.3204,2.1498,6.2482,2.1174,6.2381,2.1221,6.2401,2.1302,6.2294,2.2385,6.4258,2.2114,6.2595,2.1081,6.2036,2.2096,6.1797,2.1925,6.2440,2.1257,6.2869,2.0870,6.6862,2.0503,6.2268,2.1519,6.3957,2.2225,6.2787,2.2545,6.1545,2.2827,6.2302,2.1175,6.2216,2.1728,6.2108,2.1229,6.2354,2.1337,6.2685,2.0885,6.0381,2.2509,6.3748,2.1774,6.2996,2.1090,6.2690,2.0772,6.2737,2.1415,6.1408,2.4005,6.1089,2.3770,6.2520,2.1704,6.2332,2.0844,6.2572,2.0683,6.3719,2.1013,6.1960,2.1758,6.1018,2.1431,6.1839,2.2214,6.2495,2.0430,6.5899,2.1320,6.2561,2.0624,6.2410,2.1295,6.3394,2.1165,6.2387,2.4017,6.2676,2.0887,6.3832,2.4579,6.2005,2.1396,6.3124,2.1333,6.1901,2.1195,6.2310,2.1329,6.241006,2.129519,27.600000
152,6.3761,2.1051,6.4753,2.3164,6.2130,2.1478,6.3510,2.1576,6.2810,2.0622,6.2393,2.1251,6.2570,2.1174,6.2228,2.3008,6.3338,2.1706,6.2936,2.0688,6.2005,2.2163,6.2181,2.1530,6.2850,2.0721,6.3025,2.0725,6.4558,2.0913,6.2296,2.1474,6.4315,2.2440,6.4137,2.7019,6.1579,2.2767,6.1888,2.0714,6.1325,2.3709,6.1943,2.1193,6.2641,2.1123,6.2960,2.0476,6.2281,2.1373,6.4665,2.2102,6.3587,2.0883,6.2580,2.0977,6.2544,2.1344,6.2178,2.1923,6.1129,2.3696,6.2445,2.1426,6.2329,2.0828,6.2474,2.1055,6.4435,2.0859,6.1542,2.2188,6.1685,2.1366,6.1532,2.2710,6.2400,2.1394,6.4971,2.1314,6.2609,2.0411,6.2410,2.1295,6.3539,2.1146,6.2397,2.2810,6.2444,2.1242,6.2219,2.0854,6.0754,2.1708,6.3915,2.1374,6.2559,2.1324,6.2234,2.1355,6.241006,2.129519,27.600000
154,6.2971,2.1194,6.3038,2.1796,6.1499,2.1889,6.4056,2.1715,6.2674,2.0851,6.2382,2.1225,6.2650,2.1113,6.2181,2.3459,6.5233,2.2545,6.3071,2.0533,6.2265,2.1606,6.1921,2.1798,6.2971,2.0564,6.3007,2.0742,6.4374,2.0946,6.2265,2.1523,6.4447,2.2519,6.4107,2.6918,6.1024,2.3750,6.2187,2.1046,6.1551,2.3206,6.1906,2.1185,6.2744,2.1047,6.3153,2.0188,6.1551,2.1809,6.2289,2.1252,6.3819,2.0801,6.2871,2.0433,6.2504,2.1329,6.2153,2.1991,6.1134,2.3686,6.2465,2.1498,6.2386,2.1158,6.2505,2.0936,6.5055,2.0725,6.1462,2.2270,6.1418,2.1392,6.1253,2.3160,6.2472,2.0669,6.3787,2.1305,6.2552,2.0665,6.2410,2.1295,6.3317,2.1175,6.2393,2.3270,6.2632,2.0954,6.2952,2.2547,5.9767,2.1954,6.2661,2.1308,6.0271,2.0877,6.2186,2.1372,6.241006,2.129519,27.600000
156,6.3175,2.1157,6.3861,2.2452,6.1712,2.1750,6.2639,2.1353,6.2762,2.0702,6.2369,2.1192,6.2723,2.1057,6.2171,2.3550,6.3970,2.1986,6.2884,2.0749,6.2242,2.1654,6.2258,2.1451,6.3113,2.0380,6.3477,2.0306,6.4846,2.0862,6.2247,2.1552,6.3252,2.1801,6.3678,2.5496,6.0884,2.3998,6.1558,2.0346,6.1906,2.2417,6.2256,2.1262,6.2505,2.1224,6.2690,2.0878,6.1276,2.1974,6.4285,2.1966,6.4108,2.0700,6.2602,2.0936,6.2627,2.1375,6.0429,2.6653,6.1406,2.3177,6.2487,2.1581,6.2352,2.0959,6.2510,2.0919,6.3789,2.0998,6.1885,2.1835,6.1303,2.1403,6.0594,2.4220,6.2465,2.0736,6.6444,2.1324,6.2468,2.1037,6.2410,2.1295,6.4591,2.1007,6.2393,2.3324,6.2446,2.1240,6.2898,2.2423,6.2300,2.1323,6.4510,2.1406,6.2616,2.1335,6.2345,2.1317,6.241006,2.129519,27.600000
158,6.3553,2.1089,6.3301,2.2006,6.1882,2.1639,6.3929,2.1683,6.2627,2.0930,6.2355,2.1156,6.2826,2.0980,6.2260,2.2706,6.4959,2.2424,6.3066,2.0538,6.2170,2.1811,6.2150,2.1563,6.2426,2.1274,6.2573,2.1144,6.2911,2.1206,6.2320,2.1437,6.4050,2.2281,6.3321,2.4316,6.2642,2.0885,6.2259,2.1127,6.1357,2.3639,6.2056,2.1218,6.2677,2.1096,6.2937,2.0511,6.2339,2.1338,6.4489,2.2039,6.4619,2.0521,6.2869,2.0436,6.2598,2.1364,6.0665,2.6014,6.1689,2.2646,6.2447,2.1432,6.2341,2.0899,6.2642,2.0420,6.5012,2.0735,6.1444,2.2288,6.0680,2.1463,6.0655,2.4123,6.2480,2.0588,6.2976,2.1299,6.2418,2.1259,6.2410,2.1295,6.3012,2.1215,6.2398,2.2739,6.2772,2.0740,6.2626,2.1795,6.1973,2.1404,6.4207,2.1390,6.2495,2.1312,6.2072,2.1411,6.241006,2.129519,27.600000
160,6.3976,2.1012,6.4783,2.3187,6.1738,2.1733,6.3051,2.1459,6.2476,2.1184,6.2421,2.1322,6.2830,2.0977,6.2367,2.1700,6.3640,2.1840,6.2948,2.0674,6.1818,2.2564,6.2064,2.1650,6.2940,2.0604,6.3315,2.0456,6.6479,2.0571,6.2289,2.1486,6.6169,2.3554,6.4318,2.7617,6.1697,2.2558,6.1598,2.0391,6.2255,2.1640,6.1924,2.1189,6.2591,2.1161,6.2714,2.0843,6.0905,2.2195,6.3332,2.1625,6.5563,2.0190,6.2601,2.0938,6.2733,2.1413,6.2063,2.2234,6.1426,2.3139,6.2481,2.1558,6.2346,2.0925,6.2383,2.1397,6.4029,2.0946,6.2047,2.1669,6.2377,2.1298,6.1998,2.1959,6.2447,2.0924,6.5058,2.1314,6.2577,2.0551,6.2410,2.1295,6.2640,2.1265,6.2400,2.2426,6.2528,2.1115,6.3944,2.4838,6.1035,2.1638,6.3127,2.1333,6.0630,2.0947,6.2409,2.1295,6.241006,2.129519,27.600000
162,6.2707,2.1242,6.4054,2.2606,6.1834,2.1670,6.3943,2.1686,6.2712,2.0787,6.2375,2.1207,6.2606,2.1146,6.2193,2.3343,6.4261,2.2115,6.2622,2.1050,6.1794,2.2615,6.1950,2.1768,6.3014,2.0508,6.3007,2.0742,6.5749,2.0701,6.2420,2.1280,6.3515,2.1959,6.4101,2.6899,6.0895,2.3979,6.1914,2.0742,6.0907,2.4641,6.2331,2.1278,6.2483,2.1241,6.2797,2.0718,6.0834,2.2238,6.3486,2.1680,6.3026,2.1079,6.2518,2.1092,6.2521,2.1336,6.1922,2.2616,6.1929,2.2196,6.2528,2.1734,6.2346,2.0924,6.2514,2.0904,6.3695,2.1018,6.2260,2.1449,6.1733,2.1361,6.1393,2.2933,6.2484,2.0550,6.5150,2.1315,6.2606,2.0422,6.2410,2.1295,6.4845,2.0973,6.2404,2.2000,6.2536,2.1102,6.2438,2.1359,6.1087,2.1625,6.4806,2.1421,6.2303,2.1274,6.2143,2.1386,6.241006,2.129519,27.600000
164,6.2833,2.1219,6.2310,2.1216,6.1655,2.1787,6.3521,2.1579,6.2963,2.0365,6.2396,2.1259,6.2684,2.1087,6.2226,2.3028,6.4108,2.2047,6.2976,2.0642,6.1989,2.2197,6.2263,2.1446,6.3019,2.0501,6.2838,2.0898,6.4357,2.0949,6.2228,2.1581,6.4570,2.2593,6.2920,2.2985,6.1951,2.2108,6.2321,2.1196,6.1214,2.3956,6.1897,2.1183,6.2616,2.1142,6.3189,2.0134,6.1407,2.1895,6.4055,2.1884,6.4777,2.0465,6.2815,2.0538,6.2581,2.1358,6.1735,2.3120,6.1400,2.3186,6.2436,2.1391,6.2357,2.0991,6.2488,2.0999,6.3948,2.0964,6.1000,2.2744,6.0835,2.1448,6.0763,2.3949,6.2508,2.0306,6.3729,2.1305,6.2661,2.0177,6.2410,2.1295,6.3248,2.1184,6.2374,2.5511,6.2491,2.1171,6.3867,2.4659,6.1705,2.1471,6.3750,2.1366,6.1916,2.1199,6.2136,2.1389,6.241006,2.129519,27.600000
166,6.3778,2.1048,6.4271,2.2779,6.1973,2.1580,6.3303,2.1523,6.2881,2.0503,6.2369,2.1191,6.2652,2.1112,6.2235,2.2946,6.3133,2.1615,6.3107,2.0491,6.2189,2.1768,6.1875,2.1845,6.2532,2.1137,6.2587,2.1131,6.2842,2.1218,6.2386,2.1334,6.4633,2.2631,6.3619,2.5301,6.1565,2.2792,6.1582,2.0373,6.2105,2.1974,6.2151,2.1239,6.2554,2.1188,6.2076,2.1792,6.1345,2.1932,6.3874,2.1819,6.4134,2.0691,6.2742,2.0673,6.2630,2.1376,6.2560,2.0890,6.2055,2.1960,6.2519,2.1701,6.2349,2.0944,6.2486,2.1009,6.4252,2.0898,6.1670,2.2056,6.0878,2.1444,6.1658,2.2506,6.2444,2.0950,6.5673,2.1319,6.2432,2.1197,6.2410,2.1295,6.2860,2.1236,6.2386,2.4164,6.2504,2.1152,6.3667,2.4198,6.0934,2.1663,6.5038,2.1434,6.1664,2.1149,6.2230,2.1357,6.241006,2.129519,27.600000
168,6.2789,2.1227,6.1751,2.0770,6.1735,2.1735,6.4242,2.1762,6.2359,2.1381,6.2381,2.1220,6.2550,2.1189,6.2348,2.1879,6.5440,2.2637,6.2573,2.1108,6.1929,2.2325,6.1926,2.1793,6.2584,2.1068,6.3692,2.0107,6.4136,2.0988,6.2240,2.1563,6.2325,2.1244,6.2911,2.2957,6.1230,2.3385,6.1881,2.0705,6.0837,2.4796,6.2088,2.1225,6.2626,2.1135,6.2981,2.0444,6.2008,2.1536,6.3565,2.1708,6.3665,2.0855,6.2624,2.0895,6.2721,2.1409,6.0469,2.6543,6.1372,2.3240,6.2516,2.1690,6.2350,2.0948,6.2494,2.0976,6.3906,2.0973,6.1328,2.2407,6.1441,2.1389,6.1317,2.3056,6.2497,2.0414,6.4136,2.1308,6.2601,2.0444,6.2410,2.1295,6.4128,2.1068,6.2405,2.1941,6.2559,2.1067,6.2439,2.1362,6.1604,2.1496,6.3019,2.1327,6.1219,2.1062,6.2111,2.1397,6.241006,2.129519,27.600000
170,6.3833,2.1038,6.3899,2.2483,6.1503,2.1886,6.2945,2.1432,6.2909,2.0455,6.2381,2.1222,6.2581,2.1165,6.2276,2.2556,6.4290,2.2128,6.2793,2.0853,6.1842,2.2513,6.2036,2.1679,6.2791,2.0799,6.2474,2.1236,6.7311,2.0423,6.2326,2.1427,6.2737,2.1492,6.3635,2.5354,6.0063,2.5452,6.2317,2.1191,6.1320,2.3720,6.1864,2.1176,6.2599,2.1154,6.3367,1.9869,6.0713,2.2310,6.3335,2.1626,6.3986,2.0743,6.2847,2.0477,6.2581,2.1358,6.1532,2.3668,6.0686,2.4524,6.2436,2.1393,6.2371,2.1067,6.2510,2.0917,6.3554,2.1049,6.1961,2.1757,6.0684,2.1463,6.1431,2.2872,6.2485,2.0540,6.4485,2.1310,6.2531,2.0755,6.2410,2.1295,6.3223,2.1188,6.2382,2.4606,6.2669,2.0897,6.3361,2.3492,6.0120,2.1866,6.3378,2.1346,6.1475,2.1112,6.2030,2.1425,6.241006,2.129519,27.600000
172,6.3798,2.1045,6.3614,2.2255,6.0986,2.2223,6.4291,2.1775,6.2469,2.1195,6.2395,2.1257,6.2568,2.1175,6.2357,2.1793,6.4503,2.2222,6.3031,2.0579,6.2025,2.2120,6.1901,2.1818,6.2408,2.1298,6.3244,2.0522,6.3145,2.1165,6.2290,2.1484,6.6147,2.3541,6.4140,2.7030,6.2256,2.1569,6.1895,2.0722,6.1703,2.2870,6.2316,2.1275,6.2492,2.1235,6.2395,2.1317,6.2192,2.1425,6.4271,2.1961,6.3708,2.0840,6.2509,2.1110,6.2544,2.1344,6.1024,2.5044,6.2261,2.1575,6.2497,2.1617,6.2375,2.1094,6.2433,2.1207,6.3090,2.1149,6.2339,2.1368,6.2046,2.1331,6.2205,2.1625,6.2397,2.1431,6.2978,2.1299,6.2511,2.0848,6.2410,2.1295,6.3712,2.1123,6.2391,2.3530,6.2591,2.1017,6.3188,2.3091,6.1967,2.1406,6.4080,2.1383,6.1806,2.1177,6.2337,2.1320,6.241006,2.129519,27.600000
174,6.2918,2.1203,6.3175,2.1905,6.2118,2.1485,6.2512,2.1321,6.2987,2.0324,6.2417,2.1313,6.2883,2.0936,6.2020,2.4973,6.2104,2.1160,6.2891,2.0740,6.2111,2.1936,6.2028,2.1688,6.3076,2.0427,6.2908,2.0833,6.5610,2.0726,6.2184,2.1651,6.2679,2.1457,6.3428,2.4667,5.9668,2.6151,6.2189,2.1049,6.1314,2.3735,6.2255,2.1261,6.2699,2.1080,6.2969,2.0463,6.1289,2.1966,6.3429,2.1660,6.3970,2.0748,6.2612,2.0918,6.2691,2.1398,6.0763,2.5749,6.0667,2.4561,6.2484,2.1571,6.2336,2.0869,6.2515,2.0900,6.4028,2.0947,6.1211,2.2527,6.1606,2.1373,6.1405,2.2914,6.2478,2.0609,6.7416,2.1331,6.2662,2.0172,6.2410,2.1295,6.3329,2.1174,6.2399,2.2607,6.2555,2.1073,6.3515,2.3848,6.1696,2.1473,6.3306,2.1342,6.1235,2.1065,6.2158,2.1381,6.241006,2.129519,27.600000
176,6.3647,2.1072,6.4020,2.2579,6.1333,2.1997,6.3918,2.1680,6.2588,2.0996,6.2369,2.1192,6.2527,2.1206,6.2502,2.0433,6.5223,2.2540,6.2871,2.0764,6.2029,2.2112,6.1778,2.1944,6.3166,2.0310,6.3440,2.0341,6.3430,2.1114,6.2228,2.1581,6.1684,2.0859,6.3345,2.4393,6.1845,2.2295,6.1981,2.0817,6.1641,2.3006,6.2004,2.1207,6.2489,2.1237,6.3021,2.0384,6.0212,2.2610,6.5200,2.2294,6.4849,2.0440,6.2837,2.0496,6.2442,2.1307,6.1669,2.3299,6.1742,2.2547,6.2470,2.1519,6.2329,2.0826,6.2549,2.0770,6.2811,2.1209,6.1170,2.2570,6.1371,2.1396,6.0275,2.4734,6.2519,2.0189,6.2630,2.1297,6.2460,2.1071,6.2410,2.1295,6.3135,2.1199,6.2392,2.3410,6.2493,2.1168,6.3440,2.3674,6.0757,2.1707,6.5624,2.1465,6.1475,2.1112,6.1969,2.1446,6.241006,2.129519,27.600000
178,6.3385,2.1119,6.3721,2.2340,6.1554,2.1853,6.2584,2.1340,6.2812,2.0618,6.2394,2.1254,6.2655,2.1109,6.2210,2.3183,6.3444,2.1753,6.2912,2.0716,6.1995,2.2184,6.2228,2.1483,6.2336,2.1391,6.2418,2.1288,6.3727,2.1061,6.2311,2.1451,6.7047,2.4082,6.3675,2.5486,6.0758,2.4221,6.2227,2.1092,6.1890,2.2453,6.2258,2.1262,6.2465,2.1254,6.2729,2.0820,6.3024,2.0928,6.4229,2.1946,6.2914,2.1118,6.2679,2.0791,6.2558,2.1349,6.1884,2.2717,6.1213,2.3538,6.2471,2.1520,6.2396,2.1217,6.2485,2.1010,6.3686,2.1020,6.1566,2.2163,6.1186,2.1414,6.1190,2.3261,6.2450,2.0888,6.5057,2.1314,6.2624,2.0341,6.2410,2.1295,6.5283,2.0915,6.2391,2.3490,6.2536,2.1102,6.3090,2.2865,6.1441,2.1537,6.2799,2.1316,6.1596,2.1136,6.2230,2.1357,6.241006,2.129519,27.600000
180,6.2378,2.1301,6.3163,2.1896,6.1867,2.1649,6.4228,2.1759,6.3020,2.0269,6.2377,2.1210,6.2605,2.1147,6.2187,2.3399,6.3560,2.1804,6.2582,2.1097,6.2214,2.1716,6.1984,2.1733,6.3318,2.0112,6.2288,2.1408,6.6222,2.0617,6.2329,2.1423,6.2097,2.1107,6.3404,2.4589,6.1481,2.2940,6.1940,2.0772,6.0976,2.4487,6.2198,2.1249,6.2555,2.1187,6.2695,2.0870,6.0783,2.2268,6.3413,2.1654,6.5383,2.0253,6.2637,2.0870,6.2526,2.1338,6.1618,2.3437,6.1990,2.2082,6.2418,2.1325,6.2282,2.0554,6.2434,2.1204,6.3188,2.1128,6.1925,2.1794,6.1934,2.1341,6.0854,2.3801,6.2451,2.0877,6.7398,2.1331,6.2388,2.1391,6.2410,2.1295,6.3289,2.1179,6.2372,2.5799,6.2573,2.1045,6.3159,2.3024,6.0574,2.1753,6.2194,2.1284,6.1726,2.1161,6.2304,2.1332,6.241006,2.129519,27.600000
182,6.4509,2.0916,6.5002,2.3362,6.1069,2.2169,6.2568,2.1335,6.2562,2.1039,6.2374,2.1203,6.2639,2.1121,6.2398,2.1410,6.6348,2.3039,6.2962,2.0659,6.2186,2.1775,6.2009,2.1708,6.2190,2.1582,6.2607,2.1113,6.3041,2.1183,6.2344,2.1398,6.3179,2.1757,6.2816,2.2641,6.0576,2.4544,6.2141,2.0995,6.2047,2.2103,6.1986,2.1203,6.2577,2.1171,6.3219,2.0090,6.1534,2.1819,6.4019,2.1871,6.3146,2.1037,6.2492,2.1142,6.2619,2.1372,6.1311,2.4267,6.1693,2.2639,6.2450,2.1445,6.2363,2.1026,6.2528,2.0849,6.4963,2.0745,6.1285,2.2451,6.1323,2.1401,6.1448,2.2846,6.2478,2.0603,6.3992,2.1307,6.2693,2.0037,6.2410,2.1295,6.5085,2.0941,6.2394,2.3131,6.2733,2.0799,6.2392,2.1253,6.0629,2.1739,6.4028,2.1380,6.2032,2.1221,6.2206,2.1365,6.241006,2.129519,27.600000
184,6.2727,2.1238,6.2556,2.1412,6.1904,2.1625,6.4044,2.1712,6.2331,2.1428,6.2392,2.1248,6.2770,2.1022,6.2147,2.3772,6.3152,2.1624,6.2407,2.1299,6.2167,2.1816,6.2026,2.1689,6.3172,2.0302,6.3591,2.0201,6.6247,2.0613,6.2318,2.1439,6.4800,2.2731,6.4066,2.6783,6.1872,2.2248,6.1994,2.0832,6.0421,2.5721,6.1909,2.1186,6.2592,2.1160,6.2274,2.1498,6.1585,2.1789,6.3213,2.1583,6.3261,2.0997,6.2804,2.0558,6.2532,2.1340,6.1478,2.3816,6.1049,2.3845,6.2471,2.1522,6.2416,2.1331,6.2552,2.0760,6.4478,2.0850,6.1387,2.2347,6.0988,2.1433,6.1940,2.2052,6.2435,2.1039,6.2853,2.1298,6.2697,2.0017,6.2410,2.1295,6.3550,2.1144,6.2395,2.3038,6.2423,2.1276,6.3416,2.3618,6.1594,2.1499,6.4903,2.1427,6.0579,2.0937,6.1931,2.1459,6.241006,2.129519,27.600000
186,6.2937,2.1200,6.4606,2.3046,6.1762,2.1718,6.3082,2.1466,6.3013,2.0280,6.2380,2.1220,6.2971,2.0869,6.2501,2.0434,6.4259,2.2114,6.2808,2.0836,6.2073,2.2017,6.2494,2.1208,6.2821,2.0760,6.3761,2.0043,6.4488,2.0926,6.2295,2.1476,6.4588,2.2604,6.3443,2.4720,6.0489,2.4697,6.2211,2.1073,6.1131,2.4141,6.1601,2.1119,6.2538,2.1200,6.3271,2.0012,6.1091,2.2084,6.4673,2.2105,6.5186,2.0322,6.2588,2.0962,6.2630,2.1376,6.1517,2.3710,6.1040,2.3861,6.2480,2.1557,6.2285,2.0570,6.2493,2.0983,6.2680,2.1237,6.1644,2.2083,6.2352,2.1301,6.1687,2.2459,6.2497,2.0410,6.4482,2.1310,6.2378,2.1440,6.2410,2.1295,6.4589,2.1007,6.2400,2.2494,6.2474,2.1197,6.2709,2.1986,6.1762,2.1457,6.4017,2.1380,6.2241,2.1262,6.2151,2.1384,6.241006,2.129519,27.600000
188,6.2752,2.1233,6.2626,2.1467,6.1615,2.1814,6.3935,2.1684,6.2668,2.0861,6.2391,2.1248,6.2684,2.1087,6.2132,2.3916,6.6216,2.2980,6.2730,2.0926,6.2180,2.1788,6.1829,2.1892,6.2676,2.0948,6.3545,2.0243,6.2610,2.1260,6.2373,2.1353,6.5142,2.2937,6.3781,2.5839,6.0291,2.5048,6.1408,2.0179,6.1133,2.4137,6.2369,2.1286,6.2495,2.1232,6.2647,2.0942,6.1754,2.1688,6.3555,2.1705,6.2705,2.1192,6.2856,2.0460,6.2613,2.1370,6.1699,2.3219,6.1731,2.2567,6.2443,2.1417,6.2401,2.1240,6.2606,2.0554,6.5133,2.0708,6.1849,2.1872,6.1241,2.1409,6.0974,2.3608,6.2503,2.0356,6.6917,2.1328,6.2583,2.0524,6.2410,2.1295,6.4474,2.1022,6.2398,2.2734,6.2696,2.0856,6.3850,2.4620,6.1867,2.1431,6.3111,2.1332,6.2651,2.1342,6.2286,2.1338,6.241006,2.129519,27.600000
190,6.3019,2.1185,6.4078,2.2625,6.1805,2.1690,6.3989,2.1698,6.2499,2.1145,6.2367,2.1185,6.2592,2.1157,6.2182,2.3445,6.3513,2.1784,6.2925,2.0701,6.1974,2.2230,6.2324,2.1384,6.3081,2.0421,6.2162,2.1525,6.5720,2.0706,6.2327,2.1426,6.2741,2.1494,6.3318,2.4304,6.2017,2.1991,6.1719,2.0525,6.1960,2.2297,6.1796,2.1161,6.2527,2.1208,6.3135,2.0215,6.1423,2.1886,6.4630,2.2090,6.5166,2.0329,6.2587,2.0963,6.2541,2.1343,6.0965,2.5203,6.0735,2.4433,6.2448,2.1437,6.2283,2.0563,6.2457,2.1118,6.3173,2.1131,6.1776,2.1946,6.1516,2.1382,6.0811,2.3871,6.2448,2.0907,6.5044,2.1314,6.2589,2.0498,6.2410,2.1295,6.2817,2.1241,6.2398,2.2774,6.2560,2.1065,6.3196,2.3111,6.0857,2.1683,6.4351,2.1398,5.9809,2.0786,6.2119,2.1395,6.241006,2.129519,27.600000
192,6.3983,2.1011,6.3838,2.2434,6.1879,2.1642,6.3110,2.1474,6.3071,2.0184,6.2390,2.1243,6.2865,2.0949,6.2298,2.2348,6.4585,2.2258,6.2724,2.0934,6.2217,2.1708,6.1741,2.1983,6.3216,2.0245,6.3245,2.0521,6.4903,2.0852,6.2293,2.1480,6.3155,2.1743,6.3357,2.4435,6.0792,2.4160,6.2496,2.1391,6.2077,2.2036,6.2328,2.1277,6.2566,2.1179,6.2759,2.0775,6.1403,2.1898,6.5616,2.2443,6.3966,2.0750,6.2742,2.0674,6.2549,2.1346,6.1518,2.3706,6.2098,2.1879,6.2484,2.1570,6.2420,2.1353,6.2525,2.0859,6.5092,2.0717,6.1184,2.2555,6.1384,2.1395,6.1808,2.2265,6.2468,2.0709,6.4212,2.1308,6.2441,2.1158,6.2410,2.1295,6.2626,2.1267,6.2387,2.3984,6.2436,2.1256,6.3157,2.3019,6.0844,2.1686,6.4461,2.1403,6.1883,2.1192,6.2295,2.1334,6.241006,2.129519,27.600000
194,6.2979,2.1192,6.3402,2.2086,6.1764,2.1716,6.3643,2.1610,6.3234,1.9908,6.2389,2.1243,6.2573,2.1172,6.2246,2.2841,6.2576,2.1368,6.2597,2.1079,6.1860,2.2474,6.2002,2.1715,6.2793,2.0796,6.2453,2.1255,6.3679,2.1069,6.2292,2.1481,6.5715,2.3281,6.3637,2.5362,6.0954,2.3874,6.1714,2.0520,6.1458,2.3413,6.2124,2.1233,6.2615,2.1143,6.2998,2.0419,6.1892,2.1605,6.3294,2.1611,6.3938,2.0759,6.2639,2.0866,6.2608,2.1368,6.1572,2.3562,6.0734,2.4435,6.2415,2.1312,6.2350,2.0951,6.2504,2.0941,6.2364,2.1305,6.1805,2.1918,6.2175,2.1318,6.0787,2.3909,6.2482,2.0564,6.4859,2.1313,6.2573,2.0572,6.2410,2.1295,6.5865,2.0838,6.2394,2.3232,6.2672,2.0893,6.3193,2.3102,6.0943,2.1661,6.4705,2.1416,6.1461,2.1109,6.2118,2.1395,6.241006,2.129519,27.600000
196,6.2972,2.1194,6.3056,2.1810,6.1852,2.1659,6.3165,2.1488,6.2326,2.1436,6.2382,2.1224,6.2740,2.1044,6.2167,2.3588,6.4655,2.2289,6.3142,2.0451,6.1930,2.2324,6.1898,2.1821,6.2712,2.0902,6.3171,2.0590,6.3036,2.1184,6.2324,2.1431,6.4446,2.2518,6.3791,2.5872,6.2691,2.0798,6.1607,2.0400,6.1951,2.2317,6.1929,2.1190,6.2541,2.1198,6.2837,2.0659,6.0672,2.2335,6.4202,2.1937,6.5989,2.0041,6.2799,2.0567,6.2602,2.1365,6.2064,2.2230,6.1643,2.2732,6.2474,2.1531,6.2330,2.0830,6.2517,2.0890,6.3631,2.1032,6.2798,2.0897,6.0564,2.1475,6.1140,2.3342,6.2488,2.0507,6.3998,2.1307,6.2434,2.1187,6.2410,2.1295,6.3998,2.1085,6.2402,2.2282,6.2601,2.1003,6.3384,2.3544,6.1680,2.1477,6.3877,2.1372,6.1865,2.1188,6.2359,2.1313,6.241006,2.129519,27.600000
198,6.3911,2.1024,6.4373,2.2860,6.2221,2.1418,6.3679,2.1619,6.3053,2.0213,6.2371,2.1195,6.2398,2.1304,6.2213,2.3151,6.5406,2.2622,6.3078,2.0524,6.2112,2.1933,6.2020,2.1696,6.3055,2.0455,6.3633,2.0162,6.7457,2.0397,6.2335,2.1413,6.3873,2.2174,6.2596,2.1910,6.0391,2.4871,6.2345,2.1223,6.1239,2.3901,6.1989,2.1203,6.2526,2.1209,6.2755,2.0782,6.1976,2.1555,6.5349,2.2347,6.4151,2.0685,6.2616,2.0909,6.2562,2.1351,6.2337,2.1493,6.2314,2.1476,6.2511,2.1671,6.2330,2.0833,6.2461,2.1103,6.4169,2.0916,6.1351,2.2384,6.1701,2.1364,6.1382,2.2951,6.2521,2.0166,6.7485,2.1332,6.2571,2.0580,6.2410,2.1295,6.3956,2.1091,6.2400,2.2495,6.2593,2.1015,6.3798,2.4500,6.0621,2.1741,6.3695,2.1363,6.2536,2.1320,6.2017,2.1429,6.241006,2.129519,27.600000
199,6.4124,2.0986,6.4820,2.3217,6.2165,2.1455,6.4640,2.1864,6.3154,2.0044,6.2399,2.1268,6.2849,2.0962,6.2293,2.2396,6.5388,2.2614,6.2631,2.1041,6.2186,2.1776,6.1974,2.1744,6.3298,2.0138,6.2812,2.0923,6.4244,2.0969,6.2278,2.1503,6.3297,2.1828,6.3931,2.6335,6.0652,2.4408,6.2328,2.1204,6.1299,2.3768,6.2274,2.1265,6.2558,2.1185,6.2992,2.0427,6.2168,2.1440,6.4567,2.2067,6.2456,2.1279,6.2628,2.0887,6.2552,2.1347,6.1831,2.2862,6.0602,2.4683,6.2414,2.1308,6.2319,2.0770,6.2516,2.0894,6.3253,2.1113,6.1956,2.1762,6.1919,2.1343,6.2002,2.1953,6.2473,2.0661,6.5781,2.1319,6.2506,2.0867,6.2410,2.1295,6.2575,2.1273,6.2396,2.2962,6.2517,2.1132,6.3550,2.3928,6.0287,2.1824,6.5234,2.1444,6.1903,2.1196,6.2222,2.1360,6.241006,2.129519,27.600000
